{
    "name": "root",
    "metadata": {
        "timer_format_version": "0.1.0",
        "start_time_seconds": "1624461994",
        "python_version": "3.6.8 (tags/v3.6.8:3c6b436a57, Dec 24 2018, 00:16:47) [MSC v.1916 64 bit (AMD64)]",
        "command_line_arguments": "C:\\Users\\usuario\\AppData\\Local\\Programs\\Python\\Python36\\Scripts\\mlagents-learn Assets/Phase03/DrivingSetup/P3DrivingPPO.yaml --run-id test3 --force",
        "mlagents_version": "0.23.0",
        "mlagents_envs_version": "0.23.0",
        "communication_protocol_version": "1.3.0",
        "pytorch_version": "1.7.0+cu110",
        "numpy_version": "1.18.5",
        "end_time_seconds": "1624462050"
    },
    "total": 56.1476468,
    "count": 1,
    "self": 0.0047398999999970215,
    "children": {
        "run_training.setup": {
            "total": 0.0101562,
            "count": 1,
            "self": 0.0101562
        },
        "TrainerController.start_learning": {
            "total": 56.1327507,
            "count": 1,
            "self": 0.16966299999979384,
            "children": {
                "TrainerController._reset_env": {
                    "total": 9.534036,
                    "count": 1,
                    "self": 9.534036
                },
                "TrainerController.advance": {
                    "total": 45.24744710000021,
                    "count": 7934,
                    "self": 0.08052000000006387,
                    "children": {
                        "env_step": {
                            "total": 45.166927100000144,
                            "count": 7934,
                            "self": 23.524769699999716,
                            "children": {
                                "SubprocessEnvManager._take_step": {
                                    "total": 21.561980800000274,
                                    "count": 7934,
                                    "self": 0.4007796000005328,
                                    "children": {
                                        "TorchPolicy.evaluate": {
                                            "total": 21.16120119999974,
                                            "count": 7934,
                                            "self": 5.907586099999595,
                                            "children": {
                                                "TorchPolicy.sample_actions": {
                                                    "total": 15.253615100000147,
                                                    "count": 7934,
                                                    "self": 15.253615100000147
                                                }
                                            }
                                        }
                                    }
                                },
                                "workers": {
                                    "total": 0.08017660000015425,
                                    "count": 7933,
                                    "self": 0.0,
                                    "children": {
                                        "worker_root": {
                                            "total": 47.58611080000003,
                                            "count": 7933,
                                            "is_parallel": true,
                                            "self": 30.376367200000296,
                                            "children": {
                                                "steps_from_proto": {
                                                    "total": 0.0031807,
                                                    "count": 1,
                                                    "is_parallel": true,
                                                    "self": 0.0012045999999999997,
                                                    "children": {
                                                        "_process_vector_observation": {
                                                            "total": 0.0019761,
                                                            "count": 4,
                                                            "is_parallel": true,
                                                            "self": 0.0019761
                                                        }
                                                    }
                                                },
                                                "UnityEnvironment.step": {
                                                    "total": 17.20656289999973,
                                                    "count": 7933,
                                                    "is_parallel": true,
                                                    "self": 0.5421464999994399,
                                                    "children": {
                                                        "UnityEnvironment._generate_step_input": {
                                                            "total": 0.5137223000000217,
                                                            "count": 7933,
                                                            "is_parallel": true,
                                                            "self": 0.5137223000000217
                                                        },
                                                        "communicator.exchange": {
                                                            "total": 14.094832900000124,
                                                            "count": 7933,
                                                            "is_parallel": true,
                                                            "self": 14.094832900000124
                                                        },
                                                        "steps_from_proto": {
                                                            "total": 2.055861200000144,
                                                            "count": 7933,
                                                            "is_parallel": true,
                                                            "self": 1.0122297000003728,
                                                            "children": {
                                                                "_process_vector_observation": {
                                                                    "total": 1.0436314999997713,
                                                                    "count": 31732,
                                                                    "is_parallel": true,
                                                                    "self": 1.0436314999997713
                                                                }
                                                            }
                                                        }
                                                    }
                                                }
                                            }
                                        }
                                    }
                                }
                            }
                        }
                    }
                },
                "trainer_threads": {
                    "total": 2.0800000001486296e-05,
                    "count": 1,
                    "self": 2.0800000001486296e-05,
                    "children": {
                        "thread_root": {
                            "total": 0.0,
                            "count": 0,
                            "is_parallel": true,
                            "self": 0.0,
                            "children": {
                                "trainer_advance": {
                                    "total": 45.14460359999976,