{
    "name": "root",
    "metadata": {
        "timer_format_version": "0.1.0",
        "start_time_seconds": "1622571518",
        "python_version": "3.6.8 (tags/v3.6.8:3c6b436a57, Dec 24 2018, 00:16:47) [MSC v.1916 64 bit (AMD64)]",
        "command_line_arguments": "C:\\Users\\usuario\\AppData\\Local\\Programs\\Python\\Python36\\Scripts\\mlagents-learn --force",
        "mlagents_version": "0.23.0",
        "mlagents_envs_version": "0.23.0",
        "communication_protocol_version": "1.3.0",
        "pytorch_version": "1.7.0+cu110",
        "numpy_version": "1.18.5",
        "end_time_seconds": "1622571534"
    },
    "total": 15.705910300000001,
    "count": 1,
    "self": 0.0037762000000007845,
    "children": {
        "run_training.setup": {
            "total": 0.0378559,
            "count": 1,
            "self": 0.0378559
        },
        "TrainerController.start_learning": {
            "total": 15.6642782,
            "count": 1,
            "self": 0.0025154999999994487,
            "children": {
                "TrainerController._reset_env": {
                    "total": 13.1295046,
                    "count": 1,
                    "self": 13.1295046
                },
                "TrainerController.advance": {
                    "total": 1.1814980000000013,
                    "count": 34,
                    "self": 0.0005212999999990586,
                    "children": {
                        "env_step": {
                            "total": 1.1809767000000022,
                            "count": 34,
                            "self": 0.3241745999999921,
                            "children": {
                                "SubprocessEnvManager._take_step": {
                                    "total": 0.8563171000000072,
                                    "count": 34,
                                    "self": 0.00212489999999832,
                                    "children": {
                                        "TorchPolicy.evaluate": {
                                            "total": 0.8541922000000088,
                                            "count": 34,
                                            "self": 0.030851900000012478,
                                            "children": {
                                                "TorchPolicy.sample_actions": {
                                                    "total": 0.8233402999999964,
                                                    "count": 34,
                                                    "self": 0.8233402999999964
                                                }
                                            }
                                        }
                                    }
                                },
                                "workers": {
                                    "total": 0.0004850000000029553,
                                    "count": 33,
                                    "self": 0.0,
                                    "children": {
                                        "worker_root": {
                                            "total": 3.8527156000000016,
                                            "count": 33,
                                            "is_parallel": true,
                                            "self": 3.765585800000001,
                                            "children": {
                                                "steps_from_proto": {
                                                    "total": 0.0034825000000000004,
                                                    "count": 1,
                                                    "is_parallel": true,
                                                    "self": 0.0012950000000000001,
                                                    "children": {
                                                        "_process_vector_observation": {
                                                            "total": 0.0021875,
                                                            "count": 4,
                                                            "is_parallel": true,
                                                            "self": 0.0021875
                                                        }
                                                    }
                                                },
                                                "UnityEnvironment.step": {
                                                    "total": 0.08364730000000042,
                                                    "count": 33,
                                                    "is_parallel": true,
                                                    "self": 0.0028301000000010568,
                                                    "children": {
                                                        "UnityEnvironment._generate_step_input": {
                                                            "total": 0.002888599999999908,
                                                            "count": 33,
                                                            "is_parallel": true,
                                                            "self": 0.002888599999999908
                                                        },
                                                        "communicator.exchange": {
                                                            "total": 0.06750419999999879,
                                                            "count": 33,
                                                            "is_parallel": true,
                                                            "self": 0.06750419999999879
                                                        },
                                                        "steps_from_proto": {
                                                            "total": 0.010424400000000666,
                                                            "count": 33,
                                                            "is_parallel": true,
                                                            "self": 0.005235699999997845,
                                                            "children": {
                                                                "_process_vector_observation": {
                                                                    "total": 0.005188700000002822,
                                                                    "count": 132,
                                                                    "is_parallel": true,
                                                                    "self": 0.005188700000002822
                                                                }
                                                            }
                                                        }
                                                    }
                                                }
                                            }
                                        }
                                    }
                                }
                            }
                        }
                    }
                },
                "trainer_threads": {
                    "total": 1.3199999999713441e-05,
                    "count": 1,
                    "self": 1.3199999999713441e-05,
                    "children": {
                        "thread_root": {
                            "total": 0.0,
                            "count": 0,
                            "is_parallel": true,
                            "self": 0.0,
                            "children": {
                                "trainer_advance": {
                                    "total": 1.173828099999982,
                                    "count": 606,