{
    "name": "root",
    "metadata": {
        "timer_format_version": "0.1.0",
        "start_time_seconds": "1622573886",
        "python_version": "3.6.8 (tags/v3.6.8:3c6b436a57, Dec 24 2018, 00:16:47) [MSC v.1916 64 bit (AMD64)]",
        "command_line_arguments": "C:\\Users\\usuario\\AppData\\Local\\Programs\\Python\\Python36\\Scripts\\mlagents-learn --force",
        "mlagents_version": "0.23.0",
        "mlagents_envs_version": "0.23.0",
        "communication_protocol_version": "1.3.0",
        "pytorch_version": "1.7.0+cu110",
        "numpy_version": "1.18.5",
        "end_time_seconds": "1622573937"
    },
    "total": 51.5506732,
    "count": 1,
    "self": 0.002764899999995407,
    "children": {
        "run_training.setup": {
            "total": 0.0166315,
            "count": 1,
            "self": 0.0166315
        },
        "TrainerController.start_learning": {
            "total": 51.5312768,
            "count": 1,
            "self": 0.154338300000191,
            "children": {
                "TrainerController._reset_env": {
                    "total": 10.6232912,
                    "count": 1,
                    "self": 10.6232912
                },
                "TrainerController.advance": {
                    "total": 39.69367949999981,
                    "count": 7417,
                    "self": 0.07689059999989922,
                    "children": {
                        "env_step": {
                            "total": 39.61678889999991,
                            "count": 7417,
                            "self": 20.181481799999908,
                            "children": {
                                "SubprocessEnvManager._take_step": {
                                    "total": 19.36132609999985,
                                    "count": 7417,
                                    "self": 0.3197896999994825,
                                    "children": {
                                        "TorchPolicy.evaluate": {
                                            "total": 19.041536400000368,
                                            "count": 7417,
                                            "self": 5.327440100000539,
                                            "children": {
                                                "TorchPolicy.sample_actions": {
                                                    "total": 13.714096299999829,
                                                    "count": 7417,
                                                    "self": 13.714096299999829
                                                }
                                            }
                                        }
                                    }
                                },
                                "workers": {
                                    "total": 0.07398100000015262,
                                    "count": 7416,
                                    "self": 0.0,
                                    "children": {
                                        "worker_root": {
                                            "total": 41.95051140000029,
                                            "count": 7416,
                                            "is_parallel": true,
                                            "self": 27.23951240000037,
                                            "children": {
                                                "steps_from_proto": {
                                                    "total": 0.0008265999999999999,
                                                    "count": 1,
                                                    "is_parallel": true,
                                                    "self": 0.0001451,
                                                    "children": {
                                                        "_process_vector_observation": {
                                                            "total": 0.0006814999999999999,
                                                            "count": 4,
                                                            "is_parallel": true,
                                                            "self": 0.0006814999999999999
                                                        }
                                                    }
                                                },
                                                "UnityEnvironment.step": {
                                                    "total": 14.71017239999992,
                                                    "count": 7416,
                                                    "is_parallel": true,
                                                    "self": 0.44884100000014016,
                                                    "children": {
                                                        "UnityEnvironment._generate_step_input": {
                                                            "total": 0.41080550000020244,
                                                            "count": 7416,
                                                            "is_parallel": true,
                                                            "self": 0.41080550000020244
                                                        },
                                                        "communicator.exchange": {
                                                            "total": 12.068378699999716,
                                                            "count": 7416,
                                                            "is_parallel": true,
                                                            "self": 12.068378699999716
                                                        },
                                                        "steps_from_proto": {
                                                            "total": 1.7821471999998595,
                                                            "count": 7416,
                                                            "is_parallel": true,
                                                            "self": 0.8948490999996372,
                                                            "children": {
                                                                "_process_vector_observation": {
                                                                    "total": 0.8872981000002222,
                                                                    "count": 29664,
                                                                    "is_parallel": true,
                                                                    "self": 0.8872981000002222
                                                                }
                                                            }
                                                        }
                                                    }
                                                }
                                            }
                                        }
                                    }
                                }
                            }
                        }
                    }
                },
                "trainer_threads": {
                    "total": 1.2999999995599865e-05,
                    "count": 1,
                    "self": 1.2999999995599865e-05,
                    "children": {
                        "thread_root": {
                            "total": 0.0,
                            "count": 0,
                            "is_parallel": true,
                            "self": 0.0,
                            "children": {
                                "trainer_advance": {
                                    "total": 39.64633290000008,
                                    "count": 20255,