{
    "name": "root",
    "gauges": {
        "MoveToGoal.Policy.Entropy.mean": {
            "value": 1.403607726097107,
            "min": 1.403171181678772,
            "max": 1.4193423986434937,
            "count": 9
        },
        "MoveToGoal.Environment.EpisodeLength.mean": {
            "value": 10.072666666666667,
            "min": 10.072666666666667,
            "max": 137.4413407821229,
            "count": 9
        },
        "MoveToGoal.Policy.ExtrinsicValueEstimate.mean": {
            "value": 0.9147363305091858,
            "min": 0.33575186133384705,
            "max": 0.9168062806129456,
            "count": 9
        },
        "MoveToGoal.Environment.CumulativeReward.mean": {
            "value": 0.9888839484215207,
            "min": -0.34782608695652173,
            "max": 0.9959526774595268,
            "count": 9
        },
        "MoveToGoal.Policy.ExtrinsicReward.mean": {
            "value": 0.9888839484215207,
            "min": -0.34782608695652173,
            "max": 0.9959526774595268,
            "count": 9
        },
        "MoveToGoal.Losses.PolicyLoss.mean": {
            "value": 0.023904926921240986,
            "min": 0.02180895678078135,
            "max": 0.027689708063068485,
            "count": 9
        },
        "MoveToGoal.Losses.ValueLoss.mean": {
            "value": 0.009589190548285843,
            "min": 0.0040387450826043884,
            "max": 0.11414056019857526,
            "count": 9
        },
        "MoveToGoal.Policy.LearningRate.mean": {
            "value": 4.753568415479999e-05,
            "min": 4.753568415479999e-05,
            "max": 0.00028460865513045,
            "count": 9
        },
        "MoveToGoal.Policy.Epsilon.mean": {
            "value": 0.11584520000000001,
            "min": 0.11584520000000001,
            "max": 0.19486955000000006,
            "count": 9
        },
        "MoveToGoal.Policy.Beta.mean": {
            "value": 0.0008006754800000002,
            "min": 0.0008006754800000002,
            "max": 0.004743990545,
            "count": 9
        },
        "MoveToGoal.IsTraining.mean": {
            "value": 1.0,
            "min": 1.0,
            "max": 1.0,
            "count": 9
        }
    },
    "metadata": {
        "timer_format_version": "0.1.0",
        "start_time_seconds": "1622499380",
        "python_version": "3.6.8 (tags/v3.6.8:3c6b436a57, Dec 24 2018, 00:16:47) [MSC v.1916 64 bit (AMD64)]",
        "command_line_arguments": "C:\\Users\\usuario\\AppData\\Local\\Programs\\Python\\Python36\\Scripts\\mlagents-learn --force",
        "mlagents_version": "0.23.0",
        "mlagents_envs_version": "0.23.0",
        "communication_protocol_version": "1.3.0",
        "pytorch_version": "1.7.0+cu110",
        "numpy_version": "1.18.5",
        "end_time_seconds": "1622499637"
    },
    "total": 256.8136938,
    "count": 1,
    "self": 0.004812300000025971,
    "children": {
        "run_training.setup": {
            "total": 0.010709199999999999,
            "count": 1,
            "self": 0.010709199999999999
        },
        "TrainerController.start_learning": {
            "total": 256.7981723,
            "count": 1,
            "self": 0.8410036999999875,
            "children": {
                "TrainerController._reset_env": {
                    "total": 7.7405668,
                    "count": 1,
                    "self": 7.7405668
                },
                "TrainerController.advance": {
                    "total": 247.12899589999998,
                    "count": 41181,
                    "self": 0.4356508000010706,
                    "children": {
                        "env_step": {
                            "total": 246.6933450999989,
                            "count": 41181,
                            "self": 189.50815859999815,
                            "children": {
                                "SubprocessEnvManager._take_step": {
                                    "total": 56.74071880000019,
                                    "count": 41181,
                                    "self": 1.397257700001532,
                                    "children": {
                                        "TorchPolicy.evaluate": {
                                            "total": 55.343461099998656,
                                            "count": 23381,
                                            "self": 15.591729499997932,
                                            "children": {
                                                "TorchPolicy.sample_actions": {
                                                    "total": 39.751731600000724,
                                                    "count": 23381,
                                                    "self": 39.751731600000724
                                                }
                                            }
                                        }
                                    }
                                },
                                "workers": {
                                    "total": 0.4444677000005708,
                                    "count": 41180,
                                    "self": 0.0,
                                    "children": {
                                        "worker_root": {
                                            "total": 248.26314929999904,
                                            "count": 41180,
                                            "is_parallel": true,
                                            "self": 128.95554999999882,
                                            "children": {
                                                "steps_from_proto": {
                                                    "total": 0.0003996,
                                                    "count": 1,
                                                    "is_parallel": true,
                                                    "self": 0.0001092,
                                                    "children": {
                                                        "_process_vector_observation": {
                                                            "total": 0.0002904,
                                                            "count": 2,
                                                            "is_parallel": true,
                                                            "self": 0.0002904
                                                        }
                                                    }
                                                },
                                                "UnityEnvironment.step": {
                                                    "total": 119.30719970000021,
                                                    "count": 41180,
                                                    "is_parallel": true,
                                                    "self": 3.9613965000050086,
                                                    "children": {
                                                        "UnityEnvironment._generate_step_input": {
                                                            "total": 6.0851232999990925,
                                                            "count": 41180,
                                                            "is_parallel": true,
                                                            "self": 6.0851232999990925
                                                        },
                                                        "communicator.exchange": {
                                                            "total": 100.42940139999872,
                                                            "count": 41180,
                                                            "is_parallel": true,