{
    "name": "root",
    "metadata": {
        "timer_format_version": "0.1.0",
        "start_time_seconds": "1612094969",
        "python_version": "3.6.8 (tags/v3.6.8:3c6b436a57, Dec 24 2018, 00:16:47) [MSC v.1916 64 bit (AMD64)]",
        "command_line_arguments": "C:\\Users\\usuario\\AppData\\Local\\Programs\\Python\\Python36\\Scripts\\mlagents-learn",
        "mlagents_version": "0.23.0",
        "mlagents_envs_version": "0.23.0",
        "communication_protocol_version": "1.3.0",
        "pytorch_version": "1.7.0+cu110",
        "numpy_version": "1.18.5",
        "end_time_seconds": "1612095125"
    },
    "total": 155.9487589,
    "count": 1,
    "self": 0.00315330000000813,
    "children": {
        "run_training.setup": {
            "total": 0.0312224,
            "count": 1,
            "self": 0.0312224
        },
        "TrainerController.start_learning": {
            "total": 155.9143832,
            "count": 1,
            "self": 0.37383210000069766,
            "children": {
                "TrainerController._reset_env": {
                    "total": 12.4603229,
                    "count": 1,
                    "self": 12.4603229
                },
                "TrainerController.advance": {
                    "total": 142.0341068999993,
                    "count": 17837,
                    "self": 0.20424389999837445,
                    "children": {
                        "env_step": {
                            "total": 141.82986300000093,
                            "count": 17837,
                            "self": 105.1995051999988,
                            "children": {
                                "SubprocessEnvManager._take_step": {
                                    "total": 36.44493200000158,
                                    "count": 17837,
                                    "self": 0.8226442000003544,
                                    "children": {
                                        "TorchPolicy.evaluate": {
                                            "total": 35.622287800001224,
                                            "count": 17837,
                                            "self": 13.85672360000126,
                                            "children": {
                                                "TorchPolicy.sample_actions": {
                                                    "total": 21.765564199999965,
                                                    "count": 17837,
                                                    "self": 21.765564199999965
                                                }
                                            }
                                        }
                                    }
                                },
                                "workers": {
                                    "total": 0.18542580000054798,
                                    "count": 17836,
                                    "self": 0.0,
                                    "children": {
                                        "worker_root": {
                                            "total": 144.29580789999878,
                                            "count": 17836,
                                            "is_parallel": true,
                                            "self": 52.74432570000015,
                                            "children": {
                                                "steps_from_proto": {
                                                    "total": 0.0008448,
                                                    "count": 1,
                                                    "is_parallel": true,
                                                    "self": 0.0001384,
                                                    "children": {
                                                        "_process_vector_observation": {
                                                            "total": 0.0007064,
                                                            "count": 2,
                                                            "is_parallel": true,
                                                            "self": 0.0007064
                                                        }
                                                    }
                                                },
                                                "UnityEnvironment.step": {
                                                    "total": 91.55063739999864,
                                                    "count": 17836,
                                                    "is_parallel": true,
                                                    "self": 1.1863462999988599,
                                                    "children": {
                                                        "UnityEnvironment._generate_step_input": {
                                                            "total": 1.062198400000216,
                                                            "count": 17836,
                                                            "is_parallel": true,
                                                            "self": 1.062198400000216
                                                        },
                                                        "communicator.exchange": {
                                                            "total": 85.71847419999979,
                                                            "count": 17836,
                                                            "is_parallel": true,
                                                            "self": 85.71847419999979
                                                        },
                                                        "steps_from_proto": {
                                                            "total": 3.5836184999997793,
                                                            "count": 17836,
                                                            "is_parallel": true,
                                                            "self": 2.08984489999991,
                                                            "children": {
                                                                "_process_vector_observation": {
                                                                    "total": 1.4937735999998694,
                                                                    "count": 35672,
                                                                    "is_parallel": true,
                                                                    "self": 1.4937735999998694
                                                                }
                                                            }
                                                        }
                                                    }
                                                }
                                            }
                                        }
                                    }
                                }
                            }
                        }
                    }
                },
                "trainer_threads": {
                    "total": 1.9299999991062577e-05,
                    "count": 1,
                    "self": 1.9299999991062577e-05,
                    "children": {
                        "thread_root": {
                            "total": 0.0,
                            "count": 0,
                            "is_parallel": true,
                            "self": 0.0,
                            "children": {
                                "trainer_advance": {
                                    "total": 141.56131339999916,
                                    "count": 70206,
                                    "is_parallel": true,