{
    "name": "root",
    "gauges": {
        "MoveToGoal.Policy.Entropy.mean": {
            "value": 1.4088469743728638,
            "min": 1.408210277557373,
            "max": 1.4211105108261108,
            "count": 10
        },
        "MoveToGoal.Environment.EpisodeLength.mean": {
            "value": 10.481811942347289,
            "min": 10.481811942347289,
            "max": 106.31837606837607,
            "count": 10
        },
        "MoveToGoal.Policy.ExtrinsicValueEstimate.mean": {
            "value": 0.9029024839401245,
            "min": 0.23914165794849396,
            "max": 0.9051476716995239,
            "count": 10
        },
        "MoveToGoal.Environment.CumulativeReward.mean": {
            "value": 0.9906199954243881,
            "min": -0.41904761904761906,
            "max": 0.9952090592334495,
            "count": 10
        },
        "MoveToGoal.Policy.ExtrinsicReward.mean": {
            "value": 0.9906199954243881,
            "min": -0.41904761904761906,
            "max": 0.9952090592334495,
            "count": 10
        },
        "MoveToGoal.Losses.PolicyLoss.mean": {
            "value": 0.025187678600971895,
            "min": 0.02249566916842014,
            "max": 0.026105417621632418,
            "count": 10
        },
        "MoveToGoal.Losses.ValueLoss.mean": {
            "value": 0.008455532118678093,
            "min": 0.006597080398350955,
            "max": 0.1628441145643592,
            "count": 10
        },
        "MoveToGoal.Policy.LearningRate.mean": {
            "value": 1.6762654412480006e-05,
            "min": 1.6762654412480006e-05,
            "max": 0.00028459005513665,
            "count": 10
        },
        "MoveToGoal.Policy.Epsilon.mean": {
            "value": 0.10558752,
            "min": 0.10558752,
            "max": 0.19486335,
            "count": 10
        },
        "MoveToGoal.Policy.Beta.mean": {
            "value": 0.00028881724800000017,
            "min": 0.00028881724800000017,
            "max": 0.004743681165,
            "count": 10
        },
        "MoveToGoal.IsTraining.mean": {
            "value": 1.0,
            "min": 1.0,
            "max": 1.0,
            "count": 10
        }
    },
    "metadata": {
        "timer_format_version": "0.1.0",
        "start_time_seconds": "1622583100",
        "python_version": "3.6.8 (tags/v3.6.8:3c6b436a57, Dec 24 2018, 00:16:47) [MSC v.1916 64 bit (AMD64)]",
        "command_line_arguments": "C:\\Users\\usuario\\AppData\\Local\\Programs\\Python\\Python36\\Scripts\\mlagents-learn --run-id Phase1-test01",
        "mlagents_version": "0.23.0",
        "mlagents_envs_version": "0.23.0",
        "communication_protocol_version": "1.3.0",
        "pytorch_version": "1.7.0+cu110",
        "numpy_version": "1.18.5",
        "end_time_seconds": "1622583404"
    },
    "total": 303.800831,
    "count": 1,
    "self": 0.00825439999999844,
    "children": {
        "run_training.setup": {
            "total": 0.0342521,
            "count": 1,
            "self": 0.0342521
        },
        "TrainerController.start_learning": {
            "total": 303.7583245,
            "count": 1,
            "self": 0.9636831999971491,
            "children": {
                "TrainerController._reset_env": {
                    "total": 9.558072399999999,
                    "count": 1,
                    "self": 9.558072399999999
                },
                "TrainerController.advance": {
                    "total": 293.18611570000286,
                    "count": 44386,
                    "self": 0.4775577000028193,
                    "children": {
                        "env_step": {
                            "total": 292.70855800000004,
                            "count": 44386,
                            "self": 235.16476760000273,
                            "children": {
                                "SubprocessEnvManager._take_step": {
                                    "total": 57.07016229999599,
                                    "count": 44386,
                                    "self": 1.5091452999938895,
                                    "children": {
                                        "TorchPolicy.evaluate": {
                                            "total": 55.5610170000021,
                                            "count": 25017,
                                            "self": 16.509281200000544,
                                            "children": {
                                                "TorchPolicy.sample_actions": {
                                                    "total": 39.05173580000156,
                                                    "count": 25017,
                                                    "self": 39.05173580000156
                                                }
                                            }
                                        }
                                    }
                                },
                                "workers": {
                                    "total": 0.47362810000131006,
                                    "count": 44386,
                                    "self": 0.0,
                                    "children": {
                                        "worker_root": {
                                            "total": 295.5175522000012,
                                            "count": 44386,
                                            "is_parallel": true,
                                            "self": 134.21686370000236,
                                            "children": {
                                                "steps_from_proto": {
                                                    "total": 0.0024574,
                                                    "count": 1,
                                                    "is_parallel": true,
                                                    "self": 9.779999999999988e-05,
                                                    "children": {
                                                        "_process_vector_observation": {
                                                            "total": 0.0023596000000000003,
                                                            "count": 2,
                                                            "is_parallel": true,
                                                            "self": 0.0023596000000000003
                                                        }
                                                    }
                                                },
                                                "UnityEnvironment.step": {
                                                    "total": 161.29823109999884,
                                                    "count": 44386,
                                                    "is_parallel": true,
                                                    "self": 4.606931299998337,
                                                    "children": {
                                                        "UnityEnvironment._generate_step_input": {
                                                            "total": 6.4595524000026545,
                                                            "count": 44386,
                                                            "is_parallel": true,
                                                            "self": 6.4595524000026545
                                                        },
                                                        "communicator.exchange": {
                                                            "total": 140.83030109999828,
                                                            "count": 44386,
                                                            "is_parallel": true,