{
    "name": "root",
    "metadata": {
        "timer_format_version": "0.1.0",
        "start_time_seconds": "1612112515",
        "python_version": "3.6.8 (tags/v3.6.8:3c6b436a57, Dec 24 2018, 00:16:47) [MSC v.1916 64 bit (AMD64)]",
        "command_line_arguments": "C:\\Users\\usuario\\AppData\\Local\\Programs\\Python\\Python36\\Scripts\\mlagents-learn --run-id test4 --force",
        "mlagents_version": "0.23.0",
        "mlagents_envs_version": "0.23.0",
        "communication_protocol_version": "1.3.0",
        "pytorch_version": "1.7.0+cu110",
        "numpy_version": "1.18.5",
        "end_time_seconds": "1612112640"
    },
    "total": 124.98554370000001,
    "count": 1,
    "self": 0.002861400000000458,
    "children": {
        "run_training.setup": {
            "total": 0.0108634,
            "count": 1,
            "self": 0.0108634
        },
        "TrainerController.start_learning": {
            "total": 124.9718189,
            "count": 1,
            "self": 0.4051995000003359,
            "children": {
                "TrainerController._reset_env": {
                    "total": 8.6021949,
                    "count": 1,
                    "self": 8.6021949
                },
                "TrainerController.advance": {
                    "total": 114.88533889999967,
                    "count": 20237,
                    "self": 0.20765690000001769,
                    "children": {
                        "env_step": {
                            "total": 114.67768199999965,
                            "count": 20237,
                            "self": 85.62523950000059,
                            "children": {
                                "SubprocessEnvManager._take_step": {
                                    "total": 28.848375700000243,
                                    "count": 20237,
                                    "self": 0.9627766999999423,
                                    "children": {
                                        "TorchPolicy.evaluate": {
                                            "total": 27.8855990000003,
                                            "count": 20127,
                                            "self": 11.507062000000285,
                                            "children": {
                                                "TorchPolicy.sample_actions": {
                                                    "total": 16.378537000000016,
                                                    "count": 20127,
                                                    "self": 16.378537000000016
                                                }
                                            }
                                        }
                                    }
                                },
                                "workers": {
                                    "total": 0.2040667999988166,
                                    "count": 20236,
                                    "self": 0.0,
                                    "children": {
                                        "worker_root": {
                                            "total": 117.1602394000002,
                                            "count": 20236,
                                            "is_parallel": true,
                                            "self": 46.03849489999952,
                                            "children": {
                                                "steps_from_proto": {
                                                    "total": 0.0024529,
                                                    "count": 1,
                                                    "is_parallel": true,
                                                    "self": 8.050000000000071e-05,
                                                    "children": {
                                                        "_process_vector_observation": {
                                                            "total": 0.0023723999999999993,
                                                            "count": 2,
                                                            "is_parallel": true,
                                                            "self": 0.0023723999999999993
                                                        }
                                                    }
                                                },
                                                "UnityEnvironment.step": {
                                                    "total": 71.11929160000068,
                                                    "count": 20236,
                                                    "is_parallel": true,
                                                    "self": 1.2243906000012004,
                                                    "children": {
                                                        "UnityEnvironment._generate_step_input": {
                                                            "total": 1.0669332999990355,
                                                            "count": 20236,
                                                            "is_parallel": true,
                                                            "self": 1.0669332999990355
                                                        },
                                                        "communicator.exchange": {
                                                            "total": 65.97637100000063,
                                                            "count": 20236,
                                                            "is_parallel": true,
                                                            "self": 65.97637100000063
                                                        },
                                                        "steps_from_proto": {
                                                            "total": 2.8515966999998112,
                                                            "count": 20236,
                                                            "is_parallel": true,
                                                            "self": 1.2356434999997457,
                                                            "children": {
                                                                "_process_vector_observation": {
                                                                    "total": 1.6159532000000656,
                                                                    "count": 40472,
                                                                    "is_parallel": true,
                                                                    "self": 1.6159532000000656
                                                                }
                                                            }
                                                        }
                                                    }
                                                }
                                            }
                                        }
                                    }
                                }
                            }
                        }
                    }
                },
                "trainer_threads": {
                    "total": 2.229999999769916e-05,
                    "count": 1,
                    "self": 2.229999999769916e-05,
                    "children": {
                        "thread_root": {
                            "total": 0.0,
                            "count": 0,
                            "is_parallel": true,
                            "self": 0.0,
                            "children": {
                                "trainer_advance": {
                                    "total": 114.61996199999977,