{
    "name": "root",
    "metadata": {
        "timer_format_version": "0.1.0",
        "start_time_seconds": "1612095556",
        "python_version": "3.6.8 (tags/v3.6.8:3c6b436a57, Dec 24 2018, 00:16:47) [MSC v.1916 64 bit (AMD64)]",
        "command_line_arguments": "C:\\Users\\usuario\\AppData\\Local\\Programs\\Python\\Python36\\Scripts\\mlagents-learn --run-id test2",
        "mlagents_version": "0.23.0",
        "mlagents_envs_version": "0.23.0",
        "communication_protocol_version": "1.3.0",
        "pytorch_version": "1.7.0+cu110",
        "numpy_version": "1.18.5",
        "end_time_seconds": "1612095715"
    },
    "total": 159.10519150000002,
    "count": 1,
    "self": 0.002939700000041512,
    "children": {
        "run_training.setup": {
            "total": 0.01745,
            "count": 1,
            "self": 0.01745
        },
        "TrainerController.start_learning": {
            "total": 159.08480179999998,
            "count": 1,
            "self": 0.39054320000042253,
            "children": {
                "TrainerController._reset_env": {
                    "total": 19.846338499999998,
                    "count": 1,
                    "self": 19.846338499999998
                },
                "TrainerController.advance": {
                    "total": 138.31181759999956,
                    "count": 19484,
                    "self": 0.20345400000081781,
                    "children": {
                        "env_step": {
                            "total": 138.10836359999874,
                            "count": 19484,
                            "self": 109.00514209999876,
                            "children": {
                                "SubprocessEnvManager._take_step": {
                                    "total": 28.9024493000002,
                                    "count": 19484,
                                    "self": 0.9960115000005239,
                                    "children": {
                                        "TorchPolicy.evaluate": {
                                            "total": 27.906437799999676,
                                            "count": 19484,
                                            "self": 11.739857399999899,
                                            "children": {
                                                "TorchPolicy.sample_actions": {
                                                    "total": 16.166580399999777,
                                                    "count": 19484,
                                                    "self": 16.166580399999777
                                                }
                                            }
                                        }
                                    }
                                },
                                "workers": {
                                    "total": 0.20077219999977203,
                                    "count": 19483,
                                    "self": 0.0,
                                    "children": {
                                        "worker_root": {
                                            "total": 139.45043519999894,
                                            "count": 19483,
                                            "is_parallel": true,
                                            "self": 45.054165399999874,
                                            "children": {
                                                "steps_from_proto": {
                                                    "total": 0.00020449999999999998,
                                                    "count": 1,
                                                    "is_parallel": true,
                                                    "self": 6.669999999999997e-05,
                                                    "children": {
                                                        "_process_vector_observation": {
                                                            "total": 0.00013780000000000002,
                                                            "count": 2,
                                                            "is_parallel": true,
                                                            "self": 0.00013780000000000002
                                                        }
                                                    }
                                                },
                                                "UnityEnvironment.step": {
                                                    "total": 94.39606529999907,
                                                    "count": 19483,
                                                    "is_parallel": true,
                                                    "self": 1.267925900001316,
                                                    "children": {
                                                        "UnityEnvironment._generate_step_input": {
                                                            "total": 1.0907765999984353,
                                                            "count": 19483,
                                                            "is_parallel": true,
                                                            "self": 1.0907765999984353
                                                        },
                                                        "communicator.exchange": {
                                                            "total": 89.21176589999926,
                                                            "count": 19483,
                                                            "is_parallel": true,
                                                            "self": 89.21176589999926
                                                        },
                                                        "steps_from_proto": {
                                                            "total": 2.825596900000045,
                                                            "count": 19483,
                                                            "is_parallel": true,
                                                            "self": 1.2028140999998875,
                                                            "children": {
                                                                "_process_vector_observation": {
                                                                    "total": 1.6227828000001576,
                                                                    "count": 38966,
                                                                    "is_parallel": true,
                                                                    "self": 1.6227828000001576
                                                                }
                                                            }
                                                        }
                                                    }
                                                }
                                            }
                                        }
                                    }
                                }
                            }
                        }
                    }
                },
                "trainer_threads": {
                    "total": 1.9699999995737016e-05,
                    "count": 1,
                    "self": 1.9699999995737016e-05,
                    "children": {
                        "thread_root": {
                            "total": 0.0,
                            "count": 0,
                            "is_parallel": true,
                            "self": 0.0,
                            "children": {
                                "trainer_advance": {
                                    "total": 137.88238910000004,