{
    "name": "root",
    "gauges": {
        "MoveToGoal.Policy.Entropy.mean": {
            "value": 1.4042295217514038,
            "min": 1.4042295217514038,
            "max": 1.413940668106079,
            "count": 2
        },
        "MoveToGoal.Environment.EpisodeLength.mean": {
            "value": 12.640850831742569,
            "min": 12.640850831742569,
            "max": 57.0046403712297,
            "count": 2
        },
        "MoveToGoal.Policy.ExtrinsicValueEstimate.mean": {
            "value": 0.8339462876319885,
            "min": 0.04752439260482788,
            "max": 0.8339462876319885,
            "count": 2
        },
        "MoveToGoal.Environment.CumulativeReward.mean": {
            "value": 1.0,
            "min": 0.883855981416957,
            "max": 1.0,
            "count": 2
        },
        "MoveToGoal.Policy.ExtrinsicReward.mean": {
            "value": 1.0,
            "min": 0.883855981416957,
            "max": 1.0,
            "count": 2
        },
        "MoveToGoal.Losses.PolicyLoss.mean": {
            "value": 0.026210794209813076,
            "min": 0.026210794209813076,
            "max": 0.026710090460255742,
            "count": 2
        },
        "MoveToGoal.Losses.ValueLoss.mean": {
            "value": 0.012310433223998796,
            "min": 0.012310433223998796,
            "max": 0.04571328964084387,
            "count": 2
        },
        "MoveToGoal.Policy.LearningRate.mean": {
            "value": 0.00025671685442772,
            "min": 0.00025671685442772,
            "max": 0.0002844562551812499,
            "count": 2
        },
        "MoveToGoal.Policy.Epsilon.mean": {
            "value": 0.18557228000000003,
            "min": 0.18557228000000003,
            "max": 0.19481874999999998,
            "count": 2
        },
        "MoveToGoal.Policy.Beta.mean": {
            "value": 0.004280056772,
            "min": 0.004280056772,
            "max": 0.004741455625,
            "count": 2
        },
        "MoveToGoal.IsTraining.mean": {
            "value": 1.0,
            "min": 1.0,
            "max": 1.0,
            "count": 2
        }
    },
    "metadata": {
        "timer_format_version": "0.1.0",
        "start_time_seconds": "1612113563",
        "python_version": "3.6.8 (tags/v3.6.8:3c6b436a57, Dec 24 2018, 00:16:47) [MSC v.1916 64 bit (AMD64)]",
        "command_line_arguments": "C:\\Users\\usuario\\AppData\\Local\\Programs\\Python\\Python36\\Scripts\\mlagents-learn --run-id test6 --force",
        "mlagents_version": "0.23.0",
        "mlagents_envs_version": "0.23.0",
        "communication_protocol_version": "1.3.0",
        "pytorch_version": "1.7.0+cu110",
        "numpy_version": "1.18.5",
        "end_time_seconds": "1612113632"
    },
    "total": 69.0081381,
    "count": 1,
    "self": 0.002819399999992811,
    "children": {
        "run_training.setup": {
            "total": 0.0114739,
            "count": 1,
            "self": 0.0114739
        },
        "TrainerController.start_learning": {
            "total": 68.9938448,
            "count": 1,
            "self": 0.17484830000002205,
            "children": {
                "TrainerController._reset_env": {
                    "total": 6.7409466,
                    "count": 1,
                    "self": 6.7409466
                },
                "TrainerController.advance": {
                    "total": 61.577526699999986,
                    "count": 8878,
                    "self": 0.09483390000003311,
                    "children": {
                        "env_step": {
                            "total": 61.48269279999995,
                            "count": 8878,
                            "self": 49.26558009999997,
                            "children": {
                                "SubprocessEnvManager._take_step": {
                                    "total": 12.122378999999917,
                                    "count": 8878,
                                    "self": 0.31774619999997,
                                    "children": {
                                        "TorchPolicy.evaluate": {
                                            "total": 11.804632799999947,
                                            "count": 5341,
                                            "self": 3.5652662000001243,
                                            "children": {
                                                "TorchPolicy.sample_actions": {
                                                    "total": 8.239366599999823,
                                                    "count": 5341,
                                                    "self": 8.239366599999823
                                                }
                                            }
                                        }
                                    }
                                },
                                "workers": {
                                    "total": 0.09473370000006387,
                                    "count": 8877,
                                    "self": 0.0,
                                    "children": {
                                        "worker_root": {
                                            "total": 62.68348710000059,
                                            "count": 8877,
                                            "is_parallel": true,
                                            "self": 27.525159600000578,
                                            "children": {
                                                "steps_from_proto": {
                                                    "total": 0.00030710000000000004,
                                                    "count": 1,
                                                    "is_parallel": true,
                                                    "self": 8.130000000000008e-05,
                                                    "children": {
                                                        "_process_vector_observation": {
                                                            "total": 0.00022579999999999996,
                                                            "count": 2,
                                                            "is_parallel": true,
                                                            "self": 0.00022579999999999996
                                                        }
                                                    }
                                                },
                                                "UnityEnvironment.step": {
                                                    "total": 35.15802040000001,
                                                    "count": 8877,
                                                    "is_parallel": true,
                                                    "self": 0.8478662999999358,
                                                    "children": {
                                                        "UnityEnvironment._generate_step_input": {
                                                            "total": 1.3152516000002503,
                                                            "count": 8877,
                                                            "is_parallel": true,
                                                            "self": 1.3152516000002503
                                                        },
                                                        "communicator.exchange": {
                                                            "total": 31.102691899999854,
                                                            "count": 8877,
                                                            "is_parallel": true,