{
    "name": "root",
    "gauges": {
        "MoveToGoal.Policy.Entropy.mean": {
            "value": 1.3169816732406616,
            "min": 1.3169816732406616,
            "max": 1.3611477613449097,
            "count": 25
        },
        "MoveToGoal.Environment.EpisodeLength.mean": {
            "value": 9.207317073170731,
            "min": 9.207317073170731,
            "max": 83.70270270270271,
            "count": 25
        },
        "MoveToGoal.Policy.ExtrinsicValueEstimate.mean": {
            "value": 0.9478694796562195,
            "min": -0.27143558859825134,
            "max": 0.9478694796562195,
            "count": 25
        },
        "MoveToGoal.Environment.CumulativeReward.mean": {
            "value": 0.9928716904276986,
            "min": -0.38317757009345793,
            "max": 0.9928716904276986,
            "count": 25
        },
        "MoveToGoal.Policy.ExtrinsicReward.mean": {
            "value": 0.9928716904276986,
            "min": -0.38317757009345793,
            "max": 0.9928716904276986,
            "count": 25
        },
        "MoveToGoal.Losses.PolicyLoss.mean": {
            "value": 0.24694397380684624,
            "min": 0.23795554531676455,
            "max": 0.26189240329367136,
            "count": 25
        },
        "MoveToGoal.Losses.ValueLoss.mean": {
            "value": 0.011192195908637442,
            "min": 0.0054775629246329675,
            "max": 0.28212248857862,
            "count": 25
        },
        "MoveToGoal.Policy.LearningRate.mean": {
            "value": 0.000152862733045772,
            "min": 0.000152862733045772,
            "max": 0.0002971750884416375,
            "count": 25
        },
        "MoveToGoal.Policy.Epsilon.mean": {
            "value": 0.15095422800000002,
            "min": 0.15095422800000002,
            "max": 0.19905836250000003,
            "count": 25
        },
        "MoveToGoal.Policy.Beta.mean": {
            "value": 0.0002596757172,
            "min": 0.0002596757172,
            "max": 0.00049538597625,
            "count": 25
        },
        "MoveToGoal.IsTraining.mean": {
            "value": 1.0,
            "min": 1.0,
            "max": 1.0,
            "count": 25
        }
    },
    "metadata": {
        "timer_format_version": "0.1.0",
        "start_time_seconds": "1612206990",
        "python_version": "3.6.8 (tags/v3.6.8:3c6b436a57, Dec 24 2018, 00:16:47) [MSC v.1916 64 bit (AMD64)]",
        "command_line_arguments": "C:\\Users\\usuario\\AppData\\Local\\Programs\\Python\\Python36\\Scripts\\mlagents-learn config/MoveToGoal.yaml --initialize-from=testing_parameters --run-id=MoveToGoal2 --force",
        "mlagents_version": "0.23.0",
        "mlagents_envs_version": "0.23.0",
        "communication_protocol_version": "1.3.0",
        "pytorch_version": "1.7.0+cu110",
        "numpy_version": "1.18.5",
        "end_time_seconds": "1612207526"
    },
    "total": 535.4745463,
    "count": 1,
    "self": 0.004736000000093554,
    "children": {
        "run_training.setup": {
            "total": 0.010347799999999999,
            "count": 1,
            "self": 0.010347799999999999
        },
        "TrainerController.start_learning": {
            "total": 535.4594625,
            "count": 1,
            "self": 0.8641842999979872,
            "children": {
                "TrainerController._reset_env": {
                    "total": 7.6175576000000005,
                    "count": 1,
                    "self": 7.6175576000000005
                },
                "TrainerController.advance": {
                    "total": 526.5286146000019,
                    "count": 19142,
                    "self": 0.23313179999854583,
                    "children": {
                        "env_step": {
                            "total": 526.2954828000034,
                            "count": 19142,
                            "self": 497.7118971000033,
                            "children": {
                                "SubprocessEnvManager._take_step": {
                                    "total": 28.35558459999983,
                                    "count": 19142,
                                    "self": 0.8233807999982474,
                                    "children": {
                                        "TorchPolicy.evaluate": {
                                            "total": 27.532203800001582,
                                            "count": 12654,
                                            "self": 8.835471299999377,
                                            "children": {
                                                "TorchPolicy.sample_actions": {
                                                    "total": 18.696732500002206,
                                                    "count": 12654,
                                                    "self": 18.696732500002206
                                                }
                                            }
                                        }
                                    }
                                },
                                "workers": {
                                    "total": 0.22800110000022844,
                                    "count": 19141,
                                    "self": 0.0,
                                    "children": {
                                        "worker_root": {
                                            "total": 527.6610733000011,
                                            "count": 19141,
                                            "is_parallel": true,
                                            "self": 439.01176109999926,
                                            "children": {
                                                "steps_from_proto": {
                                                    "total": 0.0003049,
                                                    "count": 1,
                                                    "is_parallel": true,
                                                    "self": 8.169999999999995e-05,
                                                    "children": {
                                                        "_process_vector_observation": {
                                                            "total": 0.00022320000000000003,
                                                            "count": 2,
                                                            "is_parallel": true,
                                                            "self": 0.00022320000000000003
                                                        }
                                                    }
                                                },
                                                "UnityEnvironment.step": {
                                                    "total": 88.64900730000187,
                                                    "count": 19141,
                                                    "is_parallel": true,
                                                    "self": 2.0300055000012236,
                                                    "children": {
                                                        "UnityEnvironment._generate_step_input": {
                                                            "total": 3.446378999998829,
                                                            "count": 19141,
                                                            "is_parallel": true,
                                                            "self": 3.446378999998829
                                                        },
                                                        "communicator.exchange": {
                                                            "total": 78.5876274999982,
                                                            "count": 19141,