{"count":1,"self":63.903456,"total":296.9245328,"children":{"InitializeActuators":{"count":20,"self":0.0019794,"total":0.0019794,"children":null},"InitializeSensors":{"count":20,"self":0.0019538999999999997,"total":0.0019538999999999997,"children":null},"AgentSendState":{"count":125101,"self":4.9976636,"total":21.5720784,"children":{"CollectObservations":{"count":500420,"self":1.5158217999999999,"total":1.5158217999999999,"children":null},"WriteActionMask":{"count":500420,"self":1.0660600999999998,"total":1.0660600999999998,"children":null},"RequestDecision":{"count":500420,"self":3.517016,"total":13.992532899999999,"children":{"AgentInfo.ToProto":{"count":500420,"self":3.1991676,"total":10.4755171,"children":{"GenerateSensorData":{"count":500420,"self":7.2763496,"total":7.2763494999999994,"children":null}}}}}}},"DecideAction":{"count":125101,"self":206.80014079999998,"total":206.8001434,"children":null},"AgentAct":{"count":125101,"self":3.4319756,"total":3.4524673999999997,"children":{"AgentInfo.ToProto":{"count":483,"self":0.0058544999999999995,"total":0.020491799999999998,"children":{"GenerateSensorData":{"count":483,"self":0.014637299999999999,"total":0.014637299999999999,"children":null}}}}},"AgentInfo.ToProto":{"count":27412,"self":0.3739876,"total":1.1914753,"children":{"GenerateSensorData":{"count":27412,"self":0.81748769999999993,"total":0.81748769999999993,"children":null}}}},"gauges":{"MoveToGoal.CumulativeReward":{"count":27895,"max":2,"min":-1,"runningAverage":0.956086636,"value":1,"weightedAverage":0.9999999}},"metadata":{"timer_format_version":"0.1.0","start_time_seconds":"1622583107","unity_version":"2020.3.0f1","command_line_arguments":"C:\\Program Files\\Unity\\Hub\\Editor\\2020.3.0f1\\Editor\\Unity.exe -projectpath C:\/Users\/usuario\/Documents\/GitHub\/Bachelors-Thesis\/BachelorsThesis_Project -useHub -hubIPC -cloudEnvironment production -hubSessionId 4a937d50-c2ae-11eb-8ab0-c36eff8a9e9f","communication_protocol_version":"1.5.0","com.unity.ml-agents_version":"2.0.0-exp.1","scene_name":"1_Test_Scene","end_time_seconds":"1622583404"}}