{"count":1,"self":77.401119999999992,"total":1131.3216165,"children":{"InitializeActuators":{"count":11,"self":0.00097549999999999991,"total":0.00097549999999999991,"children":null},"InitializeSensors":{"count":11,"self":0.0019468999999999999,"total":0.0019468999999999999,"children":null},"AgentSendState":{"count":102701,"self":45.8935904,"total":72.77418,"children":{"CollectObservations":{"count":1129711,"self":2.5369276,"total":2.5369276,"children":null},"WriteActionMask":{"count":1129711,"self":0.84343119999999994,"total":0.84343119999999994,"children":null},"RequestDecision":{"count":1129711,"self":3.2273264,"total":23.500231199999998,"children":{"AgentInfo.ToProto":{"count":1129711,"self":2.5174524,"total":20.2729048,"children":{"GenerateSensorData":{"count":1129711,"self":15.913387199999999,"total":17.7554524,"children":{"RayPerceptionSensor.Perceive":{"count":1129711,"self":1.8420652,"total":1.8420652,"children":null}}}}}}}}},"DecideAction":{"count":102701,"self":980.3392,"total":980.33923929999992,"children":null},"AgentAct":{"count":102701,"self":0.7992756,"total":0.80220379999999991,"children":{"AgentInfo.ToProto":{"count":627,"self":0,"total":0.0029281999999999997,"children":{"GenerateSensorData":{"count":627,"self":0.0029281999999999997,"total":0.0029281999999999997,"children":{"RayPerceptionSensor.Perceive":{"count":627,"self":0,"total":0,"children":null}}}}}}}},"gauges":{"CheckpointDrivingRight.CumulativeReward":{"count":627,"max":41,"min":-262.806824,"runningAverage":-49.3399162,"value":-122.8987,"weightedAverage":-47.13314}},"metadata":{"timer_format_version":"0.1.0","start_time_seconds":"1622716776","unity_version":"2020.3.0f1","command_line_arguments":"C:\\Program Files\\Unity\\Hub\\Editor\\2020.3.0f1\\Editor\\Unity.exe -projectpath C:\/Users\/usuario\/Documents\/GitHub\/Bachelors-Thesis\/BachelorsThesis_Project -useHub -hubIPC -cloudEnvironment production -hubSessionId e53ca400-c44b-11eb-abc7-6fe8a81d8143 -accessToken 0Q46uQ6AAfhz88QUmcB7XHS-v2CnpHg1smrU_WnItRw006f","communication_protocol_version":"1.5.0","com.unity.ml-agents_version":"2.0.0-exp.1","scene_name":"P2_Right_Driving","end_time_seconds":"1622717907"}}