{"count":1,"self":53.119631999999996,"total":775.17199959999994,"children":{"InitializeActuators":{"count":13,"self":0.0029920999999999997,"total":0.0029920999999999997,"children":null},"InitializeSensors":{"count":13,"self":0.0059827,"total":0.0059827,"children":null},"AgentSendState":{"count":77401,"self":37.9745728,"total":93.474555,"children":{"CollectObservations":{"count":1006213,"self":4.7376312,"total":4.7376314,"children":null},"WriteActionMask":{"count":1006213,"self":2.4343556,"total":2.4343554999999997,"children":null},"RequestDecision":{"count":1006213,"self":8.4558552,"total":48.327996899999995,"children":{"AgentInfo.ToProto":{"count":1006213,"self":7.255992,"total":39.872142,"children":{"GenerateSensorData":{"count":1006213,"self":28.248505599999998,"total":32.6161503,"children":{"RayPerceptionSensor.Perceive":{"count":1006213,"self":4.3676432,"total":4.3676433999999995,"children":null}}}}}}}}},"DecideAction":{"count":77401,"self":627.3784832,"total":627.3785025,"children":null},"AgentAct":{"count":77401,"self":1.0841847,"total":1.0841847,"children":null},"AgentInfo.ToProto":{"count":1874,"self":0.0188961,"total":0.1051527,"children":{"GenerateSensorData":{"count":1874,"self":0.074398999999999993,"total":0.0862566,"children":{"RayPerceptionSensor.Perceive":{"count":1874,"self":0.0118576,"total":0.0118576,"children":null}}}}}},"gauges":{"NoCheckpointDriving.CumulativeReward":{"count":1874,"max":23.71492,"min":-49.0142365,"runningAverage":6.917763,"value":23.71492,"weightedAverage":16.3435669}},"metadata":{"timer_format_version":"0.1.0","start_time_seconds":"1624487368","unity_version":"2020.3.0f1","command_line_arguments":"C:\\Program Files\\Unity\\Hub\\Editor\\2020.3.0f1\\Editor\\Unity.exe -projectpath C:\/Users\/usuario\/Documents\/GitHub\/Bachelors-Thesis\/BachelorsThesis_Project -useHub -hubIPC -cloudEnvironment production -hubSessionId 284150b0-d40b-11eb-b2d0-d3080a614f06 -accessToken 5nKl9Cb_Xr35Rv4mAF-V6vXEzx2JFIEmlvm8BNHmTy0006f","communication_protocol_version":"1.5.0","com.unity.ml-agents_version":"2.0.0-exp.1","scene_name":"P3_Track2","end_time_seconds":"1624488143"}}