{
    "name": "root",
    "gauges": {
        "Car_AI.Policy.Entropy.mean": {
            "value": 2.1498641967773438,
            "min": 2.121875524520874,
            "max": 2.1919186115264893,
            "count": 5
        },
        "Car_AI.Policy.ExtrinsicValueEstimate.mean": {
            "value": 0.10429376363754272,
            "min": 0.04768003150820732,
            "max": 0.10429376363754272,
            "count": 5
        },
        "Car_AI.Losses.PolicyLoss.mean": {
            "value": 0.02212402646274616,
            "min": 0.02212402646274616,
            "max": 0.024738884518543877,
            "count": 5
        },
        "Car_AI.Losses.ValueLoss.mean": {
            "value": 0.021085118670016525,
            "min": 0.004322692451144879,
            "max": 0.1640159466365973,
            "count": 5
        },
        "Car_AI.Policy.LearningRate.mean": {
            "value": 0.00016465924511360001,
            "min": 0.00016465924511360001,
            "max": 0.000283824005392,
            "count": 5
        },
        "Car_AI.Policy.Epsilon.mean": {
            "value": 0.1548864,
            "min": 0.1548864,
            "max": 0.19460800000000003,
            "count": 5
        },
        "Car_AI.Policy.Beta.mean": {
            "value": 0.002748831360000001,
            "min": 0.002748831360000001,
            "max": 0.004730939200000001,
            "count": 5
        },
        "Car_AI.Environment.EpisodeLength.mean": {
            "value": 1199.0,
            "min": 1199.0,
            "max": 1199.0,
            "count": 5
        },
        "Car_AI.Environment.CumulativeReward.mean": {
            "value": 1.7950000032782554,
            "min": -9.17000084668398,
            "max": 1.7950000032782554,
            "count": 5
        },
        "Car_AI.Policy.ExtrinsicReward.mean": {
            "value": 1.7950000032782554,
            "min": -9.17000084668398,
            "max": 1.7950000032782554,
            "count": 5
        },
        "Car_AI.IsTraining.mean": {
            "value": 1.0,
            "min": 1.0,
            "max": 1.0,
            "count": 5
        }
    },
    "metadata": {
        "timer_format_version": "0.1.0",
        "start_time_seconds": "1622586455",
        "python_version": "3.6.8 (tags/v3.6.8:3c6b436a57, Dec 24 2018, 00:16:47) [MSC v.1916 64 bit (AMD64)]",
        "command_line_arguments": "C:\\Users\\usuario\\AppData\\Local\\Programs\\Python\\Python36\\Scripts\\mlagents-learn --run-id Phase2-test01",
        "mlagents_version": "0.23.0",
        "mlagents_envs_version": "0.23.0",
        "communication_protocol_version": "1.3.0",
        "pytorch_version": "1.7.0+cu110",
        "numpy_version": "1.18.5",
        "end_time_seconds": "1622586703"
    },
    "total": 247.98797040000002,
    "count": 1,
    "self": 0.003123000000016418,
    "children": {
        "run_training.setup": {
            "total": 0.0179181,
            "count": 1,
            "self": 0.0179181
        },
        "TrainerController.start_learning": {
            "total": 247.9669293,
            "count": 1,
            "self": 1.4358436000023858,
            "children": {
                "TrainerController._reset_env": {
                    "total": 8.420105099999999,
                    "count": 1,
                    "self": 8.420105099999999
                },
                "TrainerController.advance": {
                    "total": 237.60737669999762,
                    "count": 27934,
                    "self": 0.3111820000000023,
                    "children": {
                        "env_step": {
                            "total": 237.2961946999976,
                            "count": 27934,
                            "self": 137.53662849999716,
                            "children": {
                                "SubprocessEnvManager._take_step": {
                                    "total": 99.45279010000016,
                                    "count": 27934,
                                    "self": 1.5519946999976497,
                                    "children": {
                                        "TorchPolicy.evaluate": {
                                            "total": 97.90079540000251,
                                            "count": 27934,
                                            "self": 25.143633700003093,
                                            "children": {
                                                "TorchPolicy.sample_actions": {
                                                    "total": 72.75716169999941,
                                                    "count": 27934,
                                                    "self": 72.75716169999941
                                                }
                                            }
                                        }
                                    }
                                },
                                "workers": {
                                    "total": 0.3067761000002953,
                                    "count": 27933,
                                    "self": 0.0,
                                    "children": {
                                        "worker_root": {
                                            "total": 238.69009140000162,
                                            "count": 27933,
                                            "is_parallel": true,
                                            "self": 132.72605880000117,
                                            "children": {
                                                "steps_from_proto": {
                                                    "total": 0.0015801,
                                                    "count": 1,
                                                    "is_parallel": true,
                                                    "self": 0.0012182,
                                                    "children": {
                                                        "_process_vector_observation": {
                                                            "total": 0.00036189999999999996,
                                                            "count": 4,
                                                            "is_parallel": true,
                                                            "self": 0.00036189999999999996
                                                        }
                                                    }
                                                },
                                                "UnityEnvironment.step": {
                                                    "total": 105.96245250000045,
                                                    "count": 27933,
                                                    "is_parallel": true,
                                                    "self": 3.3634693000000198,
                                                    "children": {
                                                        "UnityEnvironment._generate_step_input": {
                                                            "total": 4.46901640000012,
                                                            "count": 27933,
                                                            "is_parallel": true,
                                                            "self": 4.46901640000012
                                                        },
                                                        "communicator.exchange": {
                                                            "total": 87.04231579999933,
                                                            "count": 27933,
                                                            "is_parallel": true,