{
    "name": "root",
    "gauges": {
        "CheckpointDriving.Policy.Entropy.mean": {
            "value": 1.3355743885040283,
            "min": 1.3355743885040283,
            "max": 1.3355743885040283,
            "count": 1
        },
        "CheckpointDriving.Policy.ExtrinsicValueEstimate.mean": {
            "value": 0.4471416473388672,
            "min": 0.4471416473388672,
            "max": 0.4471416473388672,
            "count": 1
        },
        "CheckpointDriving.Policy.GailValueEstimate.mean": {
            "value": 37.64192581176758,
            "min": 37.64192581176758,
            "max": 37.64192581176758,
            "count": 1
        },
        "CheckpointDriving.Losses.PolicyLoss.mean": {
            "value": 0.04364494654568787,
            "min": 0.04364494654568787,
            "max": 0.04364494654568787,
            "count": 1
        },
        "CheckpointDriving.Losses.ValueLoss.mean": {
            "value": 59.15084900578343,
            "min": 59.15084900578343,
            "max": 59.15084900578343,
            "count": 1
        },
        "CheckpointDriving.Policy.LearningRate.mean": {
            "value": 0.0002969699648654337,
            "min": 0.0002969699648654337,
            "max": 0.0002969699648654337,
            "count": 1
        },
        "CheckpointDriving.Policy.Epsilon.mean": {
            "value": 0.19898998795180725,
            "min": 0.19898998795180725,
            "max": 0.19898998795180725,
            "count": 1
        },
        "CheckpointDriving.Policy.Beta.mean": {
            "value": 0.0004950509409638554,
            "min": 0.0004950509409638554,
            "max": 0.0004950509409638554,
            "count": 1
        },
        "CheckpointDriving.Policy.GAILPolicyEstimate.mean": {
            "value": 0.47452927532205613,
            "min": 0.47452927532205613,
            "max": 0.47452927532205613,
            "count": 1
        },
        "CheckpointDriving.Policy.GAILExpertEstimate.mean": {
            "value": 0.5545959782289214,
            "min": 0.5545959782289214,
            "max": 0.5545959782289214,
            "count": 1
        },
        "CheckpointDriving.Losses.GAILLoss.mean": {
            "value": 1.3091529083060451,
            "min": 1.3091529083060451,
            "max": 1.3091529083060451,
            "count": 1
        },
        "CheckpointDriving.Policy.GAILGradMagLoss.mean": {
            "value": 0.853214127100241,
            "min": 0.853214127100241,
            "max": 0.853214127100241,
            "count": 1
        },
        "CheckpointDriving.Losses.PretrainingLoss.mean": {
            "value": 0.6737616774124019,
            "min": 0.6737616774124019,
            "max": 0.6737616774124019,
            "count": 1
        },
        "CheckpointDriving.Environment.EpisodeLength.mean": {
            "value": 449.5253456221198,
            "min": 449.5253456221198,
            "max": 449.5253456221198,
            "count": 1
        },
        "CheckpointDriving.Environment.CumulativeReward.mean": {
            "value": 4.68287037037037,
            "min": 4.68287037037037,
            "max": 4.68287037037037,
            "count": 1
        },
        "CheckpointDriving.Policy.ExtrinsicReward.mean": {
            "value": 2.341435185185185,
            "min": 2.341435185185185,
            "max": 2.341435185185185,
            "count": 1
        },
        "CheckpointDriving.Policy.GailReward.mean": {
            "value": 311.19147495773655,
            "min": 311.19147495773655,
            "max": 311.19147495773655,
            "count": 1
        },
        "CheckpointDriving.IsTraining.mean": {
            "value": 1.0,
            "min": 1.0,
            "max": 1.0,
            "count": 1
        }
    },
    "metadata": {
        "timer_format_version": "0.1.0",
        "start_time_seconds": "1622672645",
        "python_version": "3.6.8 (tags/v3.6.8:3c6b436a57, Dec 24 2018, 00:16:47) [MSC v.1916 64 bit (AMD64)]",
        "command_line_arguments": "C:\\Users\\usuario\\AppData\\Local\\Programs\\Python\\Python36\\Scripts\\mlagents-learn Assets/Phase02/CheckpointRightDrivingSetup/CheckpointDriving.yaml --run-id=Phase2-test01",
        "mlagents_version": "0.23.0",
        "mlagents_envs_version": "0.23.0",
        "communication_protocol_version": "1.3.0",
        "pytorch_version": "1.7.0+cu110",
        "numpy_version": "1.18.5",
        "end_time_seconds": "1622672830"
    },
    "total": 185.00734200000002,
    "count": 1,
    "self": 0.007062100000041482,
    "children": {
        "run_training.setup": {
            "total": 0.0160104,
            "count": 1,
            "self": 0.0160104
        },
        "TrainerController.start_learning": {
            "total": 184.98426949999998,
            "count": 1,
            "self": 0.9614807000003793,
            "children": {
                "TrainerController._reset_env": {
                    "total": 12.3912652,
                    "count": 1,
                    "self": 7.374201600000001,
                    "children": {
                        "demo_to_buffer": {
                            "total": 5.017063599999998,
                            "count": 2,
                            "self": 0.015282100000002075,
                            "children": {
                                "load_demonstration": {
                                    "total": 0.05887989999999821,
                                    "count": 2,
                                    "self": 0.05791919999999884,
                                    "children": {
                                        "read_file": {
                                            "total": 0.0009606999999993704,
                                            "count": 2,
                                            "self": 0.0009606999999993704
                                        }
                                    }
                                },
                                "make_demo_buffer": {
                                    "total": 4.942901599999998,
                                    "count": 2,
                                    "self": 0.9634710000001645,
                                    "children": {
                                        "steps_from_proto": {
                                            "total": 3.9794305999998336,
                                            "count": 26696,
                                            "self": 2.149105699999752,
                                            "children": {
                                                "_process_vector_observation": {
                                                    "total": 1.8303249000000816,
                                                    "count": 106784,
                                                    "self": 1.8303249000000816
                                                }
                                            }
                                        }
                                    }
                                }
                            }
                        }
                    }
                },
                "TrainerController.advance": {
                    "total": 171.12620409999963,
                    "count": 14517,
                    "self": 0.1694855999999163,
                    "children": {
                        "env_step": {
                            "total": 170.9567184999997,
                            "count": 14517,
                            "self": 104.940760499999,
                            "children": {
                                "SubprocessEnvManager._take_step": {
                                    "total": 65.84740809999987,
                                    "count": 14517,
                                    "self": 0.7498756000009763,