{
    "name": "root",
    "gauges": {
        "CheckpointDrivingRight.Policy.Entropy.mean": {
            "value": 0.6968953013420105,
            "min": 0.6834633946418762,
            "max": 0.8697253465652466,
            "count": 11
        },
        "CheckpointDrivingRight.Policy.ExtrinsicValueEstimate.mean": {
            "value": -1.5909315347671509,
            "min": -1.886844515800476,
            "max": -0.999472975730896,
            "count": 11
        },
        "CheckpointDrivingRight.Policy.GailValueEstimate.mean": {
            "value": 55.54420471191406,
            "min": 49.03614807128906,
            "max": 55.97047805786133,
            "count": 11
        },
        "CheckpointDrivingRight.Losses.PolicyLoss.mean": {
            "value": 0.044177198205516896,
            "min": 0.04300879537793726,
            "max": 0.04781215010070023,
            "count": 11
        },
        "CheckpointDrivingRight.Losses.ValueLoss.mean": {
            "value": 39.74216758233529,
            "min": 18.59474359794899,
            "max": 45.170674358862414,
            "count": 11
        },
        "CheckpointDrivingRight.Policy.LearningRate.mean": {
            "value": 0.00021897511367497107,
            "min": 0.00021897511367497107,
            "max": 0.00027766287887428094,
            "count": 11
        },
        "CheckpointDrivingRight.Policy.Epsilon.mean": {
            "value": 0.17299169555555557,
            "min": 0.17299169555555557,
            "max": 0.1925542904761905,
            "count": 11
        },
        "CheckpointDrivingRight.Policy.Beta.mean": {
            "value": 0.0003676593082222222,
            "min": 0.0003676593082222222,
            "max": 0.00046351602333333334,
            "count": 11
        },
        "CheckpointDrivingRight.Policy.GAILPolicyEstimate.mean": {
            "value": 0.3525806853317736,
            "min": 0.31725473707472834,
            "max": 0.36685998912841555,
            "count": 11
        },
        "CheckpointDrivingRight.Policy.GAILExpertEstimate.mean": {
            "value": 0.6449894029141209,
            "min": 0.6203268170041382,
            "max": 0.6722601847516166,
            "count": 11
        },
        "CheckpointDrivingRight.Losses.GAILLoss.mean": {
            "value": 0.9972502833439244,
            "min": 0.9077404990019621,
            "max": 1.0214832681827446,
            "count": 11
        },
        "CheckpointDrivingRight.Policy.GAILGradMagLoss.mean": {
            "value": 0.013487018954208592,
            "min": 0.013288729173738184,
            "max": 0.029295592740606013,
            "count": 11
        },
        "CheckpointDrivingRight.Losses.PretrainingLoss.mean": {
            "value": 0.5097493238293779,
            "min": 0.5097493238293779,
            "max": 0.5631466737004365,
            "count": 11
        },
        "CheckpointDrivingRight.Environment.EpisodeLength.mean": {
            "value": 1799.0,
            "min": 1799.0,
            "max": 1799.0,
            "count": 11
        },
        "CheckpointDrivingRight.Environment.CumulativeReward.mean": {
            "value": -51.64000538804314,
            "min": -60.32182452028448,
            "max": -41.68727731162851,
            "count": 11
        },
        "CheckpointDrivingRight.Policy.ExtrinsicReward.mean": {
            "value": -25.82000269402157,
            "min": -30.16091226014224,
            "max": -20.843638655814257,
            "count": 11
        },
        "CheckpointDrivingRight.Policy.GailReward.mean": {
            "value": 1000.2592488372846,
            "min": 912.7078636412847,
            "max": 1003.1311234490692,
            "count": 11
        },
        "CheckpointDrivingRight.IsTraining.mean": {
            "value": 1.0,
            "min": 1.0,
            "max": 1.0,
            "count": 11
        }
    },
    "metadata": {
        "timer_format_version": "0.1.0",
        "start_time_seconds": "1622716765",
        "python_version": "3.6.8 (tags/v3.6.8:3c6b436a57, Dec 24 2018, 00:16:47) [MSC v.1916 64 bit (AMD64)]",
        "command_line_arguments": "C:\\Users\\usuario\\AppData\\Local\\Programs\\Python\\Python36\\Scripts\\mlagents-learn Assets/Phase02/CheckpointRightDrivingSetup/CheckpointDrivingRight.yaml --run-id Phase2-test01 --resume",
        "mlagents_version": "0.23.0",
        "mlagents_envs_version": "0.23.0",
        "communication_protocol_version": "1.3.0",
        "pytorch_version": "1.7.0+cu110",
        "numpy_version": "1.18.5",
        "end_time_seconds": "1622717907"
    },
    "total": 1142.2357147,
    "count": 1,
    "self": 0.005944500000168773,
    "children": {
        "run_training.setup": {
            "total": 0.010505899999999999,
            "count": 1,
            "self": 0.010505899999999999
        },
        "TrainerController.start_learning": {
            "total": 1142.2192642999998,
            "count": 1,
            "self": 2.4586399999941477,
            "children": {
                "TrainerController._reset_env": {
                    "total": 15.2585639,
                    "count": 1,
                    "self": 12.412380099999998,
                    "children": {
                        "demo_to_buffer": {
                            "total": 2.846183800000002,
                            "count": 2,
                            "self": 0.008678700000002593,
                            "children": {
                                "load_demonstration": {
                                    "total": 0.05318270000000069,
                                    "count": 2,
                                    "self": 0.05257520000000149,
                                    "children": {
                                        "read_file": {
                                            "total": 0.0006074999999992059,
                                            "count": 2,
                                            "self": 0.0006074999999992059
                                        }
                                    }
                                },
                                "make_demo_buffer": {
                                    "total": 2.784322399999999,
                                    "count": 2,
                                    "self": 0.5389994000001561,
                                    "children": {
                                        "steps_from_proto": {
                                            "total": 2.2453229999998428,
                                            "count": 14688,
                                            "self": 1.1768763999998626,
                                            "children": {
                                                "_process_vector_observation": {
                                                    "total": 1.0684465999999802,
                                                    "count": 58752,
                                                    "self": 1.0684465999999802
                                                }
                                            }
                                        }
                                    }
                                }
                            }
                        }
                    }
                },
                "TrainerController.advance": {
                    "total": 1124.3889532000057,
                    "count": 102684,
                    "self": 1.3300406000334988,
                    "children": {
                        "env_step": {
                            "total": 1123.0589125999722,
                            "count": 102684,
                            "self": 614.6860553999867,
                            "children": {
                                "SubprocessEnvManager._take_step": {
                                    "total": 507.0876092999801,
                                    "count": 102684,