{
    "name": "root",
    "gauges": {
        "CheckpointDriving.Policy.Entropy.mean": {
            "value": 0.7078501582145691,
            "min": 0.6075890064239502,
            "max": 0.8013963103294373,
            "count": 4
        },
        "CheckpointDriving.Policy.ExtrinsicValueEstimate.mean": {
            "value": -2.2018473148345947,
            "min": -2.7693138122558594,
            "max": -1.5071158409118652,
            "count": 4
        },
        "CheckpointDriving.Policy.GailValueEstimate.mean": {
            "value": 51.52681350708008,
            "min": 45.7717170715332,
            "max": 53.79222106933594,
            "count": 4
        },
        "CheckpointDriving.Losses.PolicyLoss.mean": {
            "value": 0.04408306728448503,
            "min": 0.04318311415978153,
            "max": 0.04547891883315363,
            "count": 4
        },
        "CheckpointDriving.Losses.ValueLoss.mean": {
            "value": 45.67081978575796,
            "min": 42.68345683837929,
            "max": 54.03994667287916,
            "count": 4
        },
        "CheckpointDriving.Policy.LearningRate.mean": {
            "value": 0.00027301356899548,
            "min": 0.00027301356899548,
            "max": 0.0002892028835990401,
            "count": 4
        },
        "CheckpointDriving.Policy.Epsilon.mean": {
            "value": 0.19100452,
            "min": 0.19100452,
            "max": 0.19640096,
            "count": 4
        },
        "CheckpointDriving.Policy.Beta.mean": {
            "value": 0.000455922148,
            "min": 0.000455922148,
            "max": 0.00048236470400000005,
            "count": 4
        },
        "CheckpointDriving.Policy.GAILPolicyEstimate.mean": {
            "value": 0.3302811193654043,
            "min": 0.3034611952546825,
            "max": 0.35166353603769956,
            "count": 4
        },
        "CheckpointDriving.Policy.GAILExpertEstimate.mean": {
            "value": 0.6548681156502829,
            "min": 0.6242775408276023,
            "max": 0.6684399177248661,
            "count": 4
        },
        "CheckpointDriving.Losses.GAILLoss.mean": {
            "value": 0.9389356988171738,
            "min": 0.8603628345725371,
            "max": 1.0033870115373205,
            "count": 4
        },
        "CheckpointDriving.Policy.GAILGradMagLoss.mean": {
            "value": 0.061924208648120746,
            "min": 0.0618892026691843,
            "max": 0.12280608925890799,
            "count": 4
        },
        "CheckpointDriving.Losses.PretrainingLoss.mean": {
            "value": 0.5704114076036673,
            "min": 0.5704114076036673,
            "max": 0.6185020132658956,
            "count": 4
        },
        "CheckpointDriving.Environment.EpisodeLength.mean": {
            "value": 1399.0,
            "min": 1399.0,
            "max": 1399.0,
            "count": 4
        },
        "CheckpointDriving.Environment.CumulativeReward.mean": {
            "value": -46.00519990117906,
            "min": -64.2805258099522,
            "max": -41.67273201782143,
            "count": 4
        },
        "CheckpointDriving.Policy.ExtrinsicReward.mean": {
            "value": -23.00259995058953,
            "min": -32.1402629049761,
            "max": -20.836366008910716,
            "count": 4
        },
        "CheckpointDriving.Policy.GailReward.mean": {
            "value": 723.909238827693,
            "min": 657.0697885178901,
            "max": 763.9499006036556,
            "count": 4
        },
        "CheckpointDriving.IsTraining.mean": {
            "value": 1.0,
            "min": 1.0,
            "max": 1.0,
            "count": 4
        }
    },
    "metadata": {
        "timer_format_version": "0.1.0",
        "start_time_seconds": "1622672904",
        "python_version": "3.6.8 (tags/v3.6.8:3c6b436a57, Dec 24 2018, 00:16:47) [MSC v.1916 64 bit (AMD64)]",
        "command_line_arguments": "C:\\Users\\usuario\\AppData\\Local\\Programs\\Python\\Python36\\Scripts\\mlagents-learn Assets/Phase02/CheckpointRightDrivingSetup/CheckpointDriving.yaml --run-id=Phase2-test01 --resume",
        "mlagents_version": "0.23.0",
        "mlagents_envs_version": "0.23.0",
        "communication_protocol_version": "1.3.0",
        "pytorch_version": "1.7.0+cu110",
        "numpy_version": "1.18.5",
        "end_time_seconds": "1622673345"
    },
    "total": 441.3080549,
    "count": 1,
    "self": 0.007353700000066965,
    "children": {
        "run_training.setup": {
            "total": 0.010339699999999999,
            "count": 1,
            "self": 0.010339699999999999
        },
        "TrainerController.start_learning": {
            "total": 441.29036149999996,
            "count": 1,
            "self": 1.607489299998008,
            "children": {
                "TrainerController._reset_env": {
                    "total": 12.8935139,
                    "count": 1,
                    "self": 8.1134188,
                    "children": {
                        "demo_to_buffer": {
                            "total": 4.7800951000000005,
                            "count": 2,
                            "self": 0.014672199999997915,
                            "children": {
                                "load_demonstration": {
                                    "total": 0.05849500000000063,
                                    "count": 2,
                                    "self": 0.057397500000000434,
                                    "children": {
                                        "read_file": {
                                            "total": 0.0010975000000001955,
                                            "count": 2,
                                            "self": 0.0010975000000001955
                                        }
                                    }
                                },
                                "make_demo_buffer": {
                                    "total": 4.706927900000002,
                                    "count": 2,
                                    "self": 0.9321977000001027,
                                    "children": {
                                        "steps_from_proto": {
                                            "total": 3.7747301999998992,
                                            "count": 26696,
                                            "self": 2.0199326999999556,
                                            "children": {
                                                "_process_vector_observation": {
                                                    "total": 1.7547974999999436,
                                                    "count": 106784,
                                                    "self": 1.7547974999999436
                                                }
                                            }
                                        }
                                    }
                                }
                            }
                        }
                    }
                },
                "TrainerController.advance": {
                    "total": 426.7238085000019,
                    "count": 35934,
                    "self": 0.4049911999995288,
                    "children": {
                        "env_step": {
                            "total": 426.31881730000237,
                            "count": 35934,
                            "self": 266.3973112999986,
                            "children": {
                                "SubprocessEnvManager._take_step": {
                                    "total": 159.50647809999916,
                                    "count": 35934,
                                    "self": 1.8718392999998343,