{
    "name": "root",
    "gauges": {
        "CheckpointDriving.Policy.Entropy.mean": {
            "value": 0.8305875062942505,
            "min": 0.8305875062942505,
            "max": 0.8305875062942505,
            "count": 1
        },
        "CheckpointDriving.Policy.ExtrinsicValueEstimate.mean": {
            "value": 0.52286696434021,
            "min": 0.52286696434021,
            "max": 0.52286696434021,
            "count": 1
        },
        "CheckpointDriving.Policy.GailValueEstimate.mean": {
            "value": 23.108034133911133,
            "min": 23.108034133911133,
            "max": 23.108034133911133,
            "count": 1
        },
        "CheckpointDriving.Losses.PolicyLoss.mean": {
            "value": 0.05165628817053587,
            "min": 0.05165628817053587,
            "max": 0.05165628817053587,
            "count": 1
        },
        "CheckpointDriving.Losses.ValueLoss.mean": {
            "value": 56.83615251866783,
            "min": 56.83615251866783,
            "max": 56.83615251866783,
            "count": 1
        },
        "CheckpointDriving.Policy.LearningRate.mean": {
            "value": 0.00028833198388933997,
            "min": 0.00028833198388933997,
            "max": 0.00028833198388933997,
            "count": 1
        },
        "CheckpointDriving.Policy.Epsilon.mean": {
            "value": 0.19611066,
            "min": 0.19611066,
            "max": 0.19611066,
            "count": 1
        },
        "CheckpointDriving.Policy.Beta.mean": {
            "value": 0.00048094223399999987,
            "min": 0.00048094223399999987,
            "max": 0.00048094223399999987,
            "count": 1
        },
        "CheckpointDriving.Policy.GAILPolicyEstimate.mean": {
            "value": 0.4043421184386664,
            "min": 0.4043421184386664,
            "max": 0.4043421184386664,
            "count": 1
        },
        "CheckpointDriving.Policy.GAILExpertEstimate.mean": {
            "value": 0.5937004874392253,
            "min": 0.5937004874392253,
            "max": 0.5937004874392253,
            "count": 1
        },
        "CheckpointDriving.Losses.GAILLoss.mean": {
            "value": 1.1232305566469827,
            "min": 1.1232305566469827,
            "max": 1.1232305566469827,
            "count": 1
        },
        "CheckpointDriving.Policy.GAILGradMagLoss.mean": {
            "value": 0.018021160384594666,
            "min": 0.018021160384594666,
            "max": 0.018021160384594666,
            "count": 1
        },
        "CheckpointDriving.Losses.PretrainingLoss.mean": {
            "value": 0.4584702988847708,
            "min": 0.4584702988847708,
            "max": 0.4584702988847708,
            "count": 1
        },
        "CheckpointDriving.Environment.EpisodeLength.mean": {
            "value": 2199.0,
            "min": 2199.0,
            "max": 2199.0,
            "count": 1
        },
        "CheckpointDriving.Environment.CumulativeReward.mean": {
            "value": 60.91396316513419,
            "min": 60.91396316513419,
            "max": 60.91396316513419,
            "count": 1
        },
        "CheckpointDriving.Policy.ExtrinsicReward.mean": {
            "value": 12.182792872402139,
            "min": 12.182792872402139,
            "max": 12.182792872402139,
            "count": 1
        },
        "CheckpointDriving.Policy.GailReward.mean": {
            "value": 1284.9308824972672,
            "min": 1284.9308824972672,
            "max": 1284.9308824972672,
            "count": 1
        },
        "CheckpointDriving.IsTraining.mean": {
            "value": 1.0,
            "min": 1.0,
            "max": 1.0,
            "count": 1
        }
    },
    "metadata": {
        "timer_format_version": "0.1.0",
        "start_time_seconds": "1622758253",
        "python_version": "3.6.8 (tags/v3.6.8:3c6b436a57, Dec 24 2018, 00:16:47) [MSC v.1916 64 bit (AMD64)]",
        "command_line_arguments": "C:\\Users\\usuario\\AppData\\Local\\Programs\\Python\\Python36\\Scripts\\mlagents-learn Assets/Phase02/CheckpointDrivingSetup/CheckpointDriving.yaml --run-id Phase2-test02 --resume",
        "mlagents_version": "0.23.0",
        "mlagents_envs_version": "0.23.0",
        "communication_protocol_version": "1.3.0",
        "pytorch_version": "1.7.0+cu110",
        "numpy_version": "1.18.5",
        "end_time_seconds": "1622758342"
    },
    "total": 89.2975882,
    "count": 1,
    "self": 0.005240400000005252,
    "children": {
        "run_training.setup": {
            "total": 0.011144300000000001,
            "count": 1,
            "self": 0.011144300000000001
        },
        "TrainerController.start_learning": {
            "total": 89.2812035,
            "count": 1,
            "self": 0.12496350000036216,
            "children": {
                "TrainerController._reset_env": {
                    "total": 26.7996065,
                    "count": 1,
                    "self": 21.8523536,
                    "children": {
                        "demo_to_buffer": {
                            "total": 4.947252899999999,
                            "count": 2,
                            "self": 0.015283499999998895,
                            "children": {
                                "load_demonstration": {
                                    "total": 0.06029050000000069,
                                    "count": 2,
                                    "self": 0.05931160000000091,
                                    "children": {
                                        "read_file": {
                                            "total": 0.0009788999999997827,
                                            "count": 2,
                                            "self": 0.0009788999999997827
                                        }
                                    }
                                },
                                "make_demo_buffer": {
                                    "total": 4.871678899999999,
                                    "count": 2,
                                    "self": 0.9586958999998174,
                                    "children": {
                                        "steps_from_proto": {
                                            "total": 3.9129830000001817,
                                            "count": 26740,
                                            "self": 2.1029573999997133,
                                            "children": {
                                                "_process_vector_observation": {
                                                    "total": 1.8100256000004684,
                                                    "count": 106960,
                                                    "self": 1.8100256000004684
                                                }
                                            }
                                        }
                                    }
                                }
                            }
                        }
                    }
                },
                "TrainerController.advance": {
                    "total": 61.632452499999644,
                    "count": 5751,
                    "self": 0.0636689999995923,
                    "children": {
                        "env_step": {
                            "total": 61.56878350000005,
                            "count": 5751,
                            "self": 42.64199270000033,
                            "children": {
                                "SubprocessEnvManager._take_step": {
                                    "total": 18.864433099999925,
                                    "count": 5751,
                                    "self": 0.30629759999990824,