{
    "name": "root",
    "gauges": {
        "CheckpointDriving.Policy.Entropy.mean": {
            "value": 1.2086800336837769,
            "min": 1.18812096118927,
            "max": 1.2086800336837769,
            "count": 4
        },
        "CheckpointDriving.Policy.ExtrinsicValueEstimate.mean": {
            "value": 911.6730346679688,
            "min": 709.9808349609375,
            "max": 911.6730346679688,
            "count": 4
        },
        "CheckpointDriving.Policy.GailValueEstimate.mean": {
            "value": 62.87092971801758,
            "min": 60.29048156738281,
            "max": 64.00886535644531,
            "count": 4
        },
        "CheckpointDriving.Losses.PolicyLoss.mean": {
            "value": 0.05167173178977558,
            "min": 0.04829952353848527,
            "max": 0.05167173178977558,
            "count": 4
        },
        "CheckpointDriving.Losses.ValueLoss.mean": {
            "value": 41170905.74547039,
            "min": 35210612.10936895,
            "max": 41672203.89605111,
            "count": 4
        },
        "CheckpointDriving.Policy.LearningRate.mean": {
            "value": 0.00013509511896831202,
            "min": 0.00013509511896831202,
            "max": 0.00015206948359590286,
            "count": 4
        },
        "CheckpointDriving.Policy.Epsilon.mean": {
            "value": 0.145031688,
            "min": 0.145031688,
            "max": 0.15068981142857144,
            "count": 4
        },
        "CheckpointDriving.Policy.Beta.mean": {
            "value": 0.0002306552712,
            "min": 0.0002306552712,
            "max": 0.00025838007599999997,
            "count": 4
        },
        "CheckpointDriving.Policy.GAILPolicyEstimate.mean": {
            "value": 0.4112516671015318,
            "min": 0.38064591826321137,
            "max": 0.4112516671015318,
            "count": 4
        },
        "CheckpointDriving.Policy.GAILExpertEstimate.mean": {
            "value": 0.5868037316003512,
            "min": 0.5868037316003512,
            "max": 0.6087321404342206,
            "count": 4
        },
        "CheckpointDriving.Losses.GAILLoss.mean": {
            "value": 1.1542146878121575,
            "min": 1.0828103146619907,
            "max": 1.1542146878121575,
            "count": 4
        },
        "CheckpointDriving.Policy.GAILGradMagLoss.mean": {
            "value": 0.005076491839321235,
            "min": 0.005076491839321235,
            "max": 0.008959579019300275,
            "count": 4
        },
        "CheckpointDriving.Losses.PretrainingLoss.mean": {
            "value": 0.6859930816961795,
            "min": 0.6859930816961795,
            "max": 0.6890215706315518,
            "count": 4
        },
        "CheckpointDriving.Environment.EpisodeLength.mean": {
            "value": 2199.0,
            "min": 2199.0,
            "max": 2199.0,
            "count": 4
        },
        "CheckpointDriving.Environment.CumulativeReward.mean": {
            "value": 1202201.4945380716,
            "min": 1091666.406321699,
            "max": 1304671.6080805927,
            "count": 4
        },
        "CheckpointDriving.Policy.ExtrinsicReward.mean": {
            "value": 601100.7472690358,
            "min": 545833.2031608495,
            "max": 652335.8040402964,
            "count": 4
        },
        "CheckpointDriving.Policy.GailReward.mean": {
            "value": 1430.749090335564,
            "min": 1383.4025869474413,
            "max": 1553.2277332733167,
            "count": 4
        },
        "CheckpointDriving.IsTraining.mean": {
            "value": 1.0,
            "min": 1.0,
            "max": 1.0,
            "count": 4
        }
    },
    "metadata": {
        "timer_format_version": "0.1.0",
        "start_time_seconds": "1622743728",
        "python_version": "3.6.8 (tags/v3.6.8:3c6b436a57, Dec 24 2018, 00:16:47) [MSC v.1916 64 bit (AMD64)]",
        "command_line_arguments": "C:\\Users\\usuario\\AppData\\Local\\Programs\\Python\\Python36\\Scripts\\mlagents-learn Assets/Phase02/CheckpointDrivingSetup/CheckpointDriving.yaml --run-id Phase2-test02 --resume",
        "mlagents_version": "0.23.0",
        "mlagents_envs_version": "0.23.0",
        "communication_protocol_version": "1.3.0",
        "pytorch_version": "1.7.0+cu110",
        "numpy_version": "1.18.5",
        "end_time_seconds": "1622744229"
    },
    "total": 501.08376699999997,
    "count": 1,
    "self": 0.00631399999997484,
    "children": {
        "run_training.setup": {
            "total": 0.0107886,
            "count": 1,
            "self": 0.0107886
        },
        "TrainerController.start_learning": {
            "total": 501.0666644,
            "count": 1,
            "self": 0.9741791000019475,
            "children": {
                "TrainerController._reset_env": {
                    "total": 17.217853899999998,
                    "count": 1,
                    "self": 6.7221078999999975,
                    "children": {
                        "demo_to_buffer": {
                            "total": 10.495746,
                            "count": 2,
                            "self": 0.03109530000000227,
                            "children": {
                                "load_demonstration": {
                                    "total": 0.13048089999999846,
                                    "count": 2,
                                    "self": 0.12853969999999837,
                                    "children": {
                                        "read_file": {
                                            "total": 0.0019412000000000873,
                                            "count": 2,
                                            "self": 0.0019412000000000873
                                        }
                                    }
                                },
                                "make_demo_buffer": {
                                    "total": 10.3341698,
                                    "count": 2,
                                    "self": 2.074547000000221,
                                    "children": {
                                        "steps_from_proto": {
                                            "total": 8.259622799999779,
                                            "count": 50588,
                                            "self": 4.429808700000029,
                                            "children": {
                                                "_process_vector_observation": {
                                                    "total": 3.8298140999997496,
                                                    "count": 202352,
                                                    "self": 3.8298140999997496
                                                }
                                            }
                                        }
                                    }
                                }
                            }
                        }
                    }
                },
                "TrainerController.advance": {
                    "total": 482.772875699998,
                    "count": 42567,
                    "self": 0.48463130000180854,
                    "children": {
                        "env_step": {
                            "total": 482.2882443999962,
                            "count": 42567,
                            "self": 332.8253384999933,
                            "children": {
                                "SubprocessEnvManager._take_step": {
                                    "total": 148.97555850000435,
                                    "count": 42567,
                                    "self": 2.6393138000020144,