{
    "name": "root",
    "gauges": {
        "CheckpointDriving.Policy.Entropy.mean": {
            "value": 1.3251760005950928,
            "min": 1.294918417930603,
            "max": 1.3873242139816284,
            "count": 14
        },
        "CheckpointDriving.Policy.ExtrinsicValueEstimate.mean": {
            "value": 2269.018798828125,
            "min": 1283.61474609375,
            "max": 2269.018798828125,
            "count": 14
        },
        "CheckpointDriving.Policy.GailValueEstimate.mean": {
            "value": 65.40501403808594,
            "min": 65.40501403808594,
            "max": 75.60763549804688,
            "count": 14
        },
        "CheckpointDriving.Environment.EpisodeLength.mean": {
            "value": 1127.1976744186047,
            "min": 924.2164948453608,
            "max": 1192.0116279069769,
            "count": 14
        },
        "CheckpointDriving.Environment.CumulativeReward.mean": {
            "value": 815817.534856862,
            "min": 597936.4765002851,
            "max": 899682.7377184974,
            "count": 14
        },
        "CheckpointDriving.Policy.ExtrinsicReward.mean": {
            "value": 407908.767428431,
            "min": 298968.23825014255,
            "max": 449841.3688592487,
            "count": 14
        },
        "CheckpointDriving.Policy.GailReward.mean": {
            "value": 772.6644156781057,
            "min": 632.836541550522,
            "max": 812.4871430867458,
            "count": 14
        },
        "CheckpointDriving.Losses.PolicyLoss.mean": {
            "value": 0.05031213155706171,
            "min": 0.04757717330163966,
            "max": 0.05218440529967968,
            "count": 14
        },
        "CheckpointDriving.Losses.ValueLoss.mean": {
            "value": 56002535.56481481,
            "min": 46154574.93888889,
            "max": 66515605.53333334,
            "count": 14
        },
        "CheckpointDriving.Policy.LearningRate.mean": {
            "value": 4.491688502773334e-05,
            "min": 4.491688502773334e-05,
            "max": 0.00012264124578627113,
            "count": 14
        },
        "CheckpointDriving.Policy.Epsilon.mean": {
            "value": 0.1149722666666667,
            "min": 0.1149722666666667,
            "max": 0.14088039555555554,
            "count": 14
        },
        "CheckpointDriving.Policy.Beta.mean": {
            "value": 8.336410666666667e-05,
            "min": 8.336410666666667e-05,
            "max": 0.00021031393822222225,
            "count": 14
        },
        "CheckpointDriving.Policy.GAILPolicyEstimate.mean": {
            "value": 0.4699602270843806,
            "min": 0.46054650810029774,
            "max": 0.48280966723958646,
            "count": 14
        },
        "CheckpointDriving.Policy.GAILExpertEstimate.mean": {
            "value": 0.5277609330636485,
            "min": 0.5157472020636003,
            "max": 0.5400888393322627,
            "count": 14
        },
        "CheckpointDriving.Losses.GAILLoss.mean": {
            "value": 1.312385720456088,
            "min": 1.2940695764841859,
            "max": 1.3428013828396799,
            "count": 14
        },
        "CheckpointDriving.Policy.GAILGradMagLoss.mean": {
            "value": 0.003867560039119174,
            "min": 0.002970363033118364,
            "max": 0.005627686338050774,
            "count": 14
        },
        "CheckpointDriving.Losses.PretrainingLoss.mean": {
            "value": 0.6396321875591098,
            "min": 0.6396321875591098,
            "max": 0.7204999026299344,
            "count": 14
        },
        "CheckpointDriving.IsTraining.mean": {
            "value": 1.0,
            "min": 1.0,
            "max": 1.0,
            "count": 14
        }
    },
    "metadata": {
        "timer_format_version": "0.1.0",
        "start_time_seconds": "1622744907",
        "python_version": "3.6.8 (tags/v3.6.8:3c6b436a57, Dec 24 2018, 00:16:47) [MSC v.1916 64 bit (AMD64)]",
        "command_line_arguments": "C:\\Users\\usuario\\AppData\\Local\\Programs\\Python\\Python36\\Scripts\\mlagents-learn Assets/Phase02/CheckpointDrivingSetup/CheckpointDriving.yaml --run-id Phase2-test02 --resume",
        "mlagents_version": "0.23.0",
        "mlagents_envs_version": "0.23.0",
        "communication_protocol_version": "1.3.0",
        "pytorch_version": "1.7.0+cu110",
        "numpy_version": "1.18.5",
        "end_time_seconds": "1622746460"
    },
    "total": 1553.0290788,
    "count": 1,
    "self": 0.00808250000022781,
    "children": {
        "run_training.setup": {
            "total": 0.0111857,
            "count": 1,
            "self": 0.0111857
        },
        "TrainerController.start_learning": {
            "total": 1553.0098105999998,
            "count": 1,
            "self": 3.086123200050679,
            "children": {
                "TrainerController._reset_env": {
                    "total": 15.7405615,
                    "count": 1,
                    "self": 7.156165700000001,
                    "children": {
                        "demo_to_buffer": {
                            "total": 8.5843958,
                            "count": 2,
                            "self": 0.025851499999999916,
                            "children": {
                                "load_demonstration": {
                                    "total": 0.09694709999999951,
                                    "count": 2,
                                    "self": 0.09534989999999954,
                                    "children": {
                                        "read_file": {
                                            "total": 0.0015971999999999653,
                                            "count": 2,
                                            "self": 0.0015971999999999653
                                        }
                                    }
                                },
                                "make_demo_buffer": {
                                    "total": 8.4615972,
                                    "count": 2,
                                    "self": 1.6891200999998652,
                                    "children": {
                                        "steps_from_proto": {
                                            "total": 6.772477100000135,
                                            "count": 44168,
                                            "self": 3.636887299999846,
                                            "children": {
                                                "_process_vector_observation": {
                                                    "total": 3.1355898000002886,
                                                    "count": 176672,
                                                    "self": 3.1355898000002886
                                                }
                                            }
                                        }
                                    }
                                }
                            }
                        }
                    }
                },
                "TrainerController.advance": {
                    "total": 1534.0823338999492,
                    "count": 131151,
                    "self": 1.5640123999817206,
                    "children": {
                        "env_step": {
                            "total": 1532.5183214999674,
                            "count": 131151,
                            "self": 1046.5465702999675,
                            "children": {
                                "SubprocessEnvManager._take_step": {
                                    "total": 484.40880689998784,
                                    "count": 131151,
                                    "self": 7.999996200000339,