{
    "name": "root",
    "metadata": {
        "timer_format_version": "0.1.0",
        "start_time_seconds": "1622719389",
        "python_version": "3.6.8 (tags/v3.6.8:3c6b436a57, Dec 24 2018, 00:16:47) [MSC v.1916 64 bit (AMD64)]",
        "command_line_arguments": "C:\\Users\\usuario\\AppData\\Local\\Programs\\Python\\Python36\\Scripts\\mlagents-learn Assets/Phase02/CheckpointDrivingSetup/CheckpointDrivingLeft.yaml --run-id Phase2-test02 --resume",
        "mlagents_version": "0.23.0",
        "mlagents_envs_version": "0.23.0",
        "communication_protocol_version": "1.3.0",
        "pytorch_version": "1.7.0+cu110",
        "numpy_version": "1.18.5",
        "end_time_seconds": "1622719457"
    },
    "total": 68.8663986,
    "count": 1,
    "self": 0.005583999999998923,
    "children": {
        "run_training.setup": {
            "total": 0.010650399999999999,
            "count": 1,
            "self": 0.010650399999999999
        },
        "TrainerController.start_learning": {
            "total": 68.8501642,
            "count": 1,
            "self": 0.6190951999999328,
            "children": {
                "TrainerController._reset_env": {
                    "total": 26.2923452,
                    "count": 1,
                    "self": 23.6415958,
                    "children": {
                        "demo_to_buffer": {
                            "total": 2.6507493999999987,
                            "count": 2,
                            "self": 0.008073399999997122,
                            "children": {
                                "load_demonstration": {
                                    "total": 0.0311450000000022,
                                    "count": 2,
                                    "self": 0.030603599999999176,
                                    "children": {
                                        "read_file": {
                                            "total": 0.0005414000000030228,
                                            "count": 2,
                                            "self": 0.0005414000000030228
                                        }
                                    }
                                },
                                "make_demo_buffer": {
                                    "total": 2.6115309999999994,
                                    "count": 2,
                                    "self": 0.514169300000006,
                                    "children": {
                                        "steps_from_proto": {
                                            "total": 2.0973616999999933,
                                            "count": 14696,
                                            "self": 1.1282708000005393,
                                            "children": {
                                                "_process_vector_observation": {
                                                    "total": 0.9690908999994541,
                                                    "count": 58784,
                                                    "self": 0.9690908999994541
                                                }
                                            }
                                        }
                                    }
                                }
                            }
                        }
                    }
                },
                "TrainerController.advance": {
                    "total": 41.43933170000007,
                    "count": 4001,
                    "self": 0.04629999999984591,
                    "children": {
                        "env_step": {
                            "total": 41.39303170000022,
                            "count": 4001,
                            "self": 23.62381190000037,
                            "children": {
                                "SubprocessEnvManager._take_step": {
                                    "total": 17.72373959999995,
                                    "count": 4001,
                                    "self": 0.2167496999996743,
                                    "children": {
                                        "TorchPolicy.evaluate": {
                                            "total": 17.506989900000274,
                                            "count": 4001,
                                            "self": 4.067512300000136,
                                            "children": {
                                                "TorchPolicy.sample_actions": {
                                                    "total": 13.439477600000139,
                                                    "count": 4001,
                                                    "self": 13.439477600000139
                                                }
                                            }
                                        }
                                    }
                                },
                                "workers": {
                                    "total": 0.04548019999990416,
                                    "count": 4000,
                                    "self": 0.0,
                                    "children": {
                                        "worker_root": {
                                            "total": 45.26826060000014,
                                            "count": 4000,
                                            "is_parallel": true,
                                            "self": 29.25024590000013,
                                            "children": {
                                                "steps_from_proto": {
                                                    "total": 0.00048439999999999996,
                                                    "count": 1,
                                                    "is_parallel": true,
                                                    "self": 0.0001607,
                                                    "children": {
                                                        "_process_vector_observation": {
                                                            "total": 0.00032369999999999995,
                                                            "count": 4,
                                                            "is_parallel": true,
                                                            "self": 0.00032369999999999995
                                                        }
                                                    }
                                                },
                                                "UnityEnvironment.step": {
                                                    "total": 16.017530300000008,
                                                    "count": 4000,
                                                    "is_parallel": true,
                                                    "self": 0.5270176999999237,
                                                    "children": {
                                                        "UnityEnvironment._generate_step_input": {
                                                            "total": 0.6806227000001668,
                                                            "count": 4000,
                                                            "is_parallel": true,
                                                            "self": 0.6806227000001668
                                                        },
                                                        "communicator.exchange": {
                                                            "total": 13.174547300000055,
                                                            "count": 4000,
                                                            "is_parallel": true,