{
    "name": "root",
    "metadata": {
        "timer_format_version": "0.1.0",
        "start_time_seconds": "1622785636",
        "python_version": "3.6.8 (tags/v3.6.8:3c6b436a57, Dec 24 2018, 00:16:47) [MSC v.1916 64 bit (AMD64)]",
        "command_line_arguments": "C:\\Users\\usuario\\AppData\\Local\\Programs\\Python\\Python36\\Scripts\\mlagents-learn Assets/Phase02/CheckpointDrivingSetup/CheckpointDriving.yaml --run-id Phase2-test02 --resume",
        "mlagents_version": "0.23.0",
        "mlagents_envs_version": "0.23.0",
        "communication_protocol_version": "1.3.0",
        "pytorch_version": "1.7.0+cu110",
        "numpy_version": "1.18.5",
        "end_time_seconds": "1622785654"
    },
    "total": 18.1601657,
    "count": 1,
    "self": 0.00798199999999838,
    "children": {
        "run_training.setup": {
            "total": 0.026056700000000002,
            "count": 1,
            "self": 0.026056700000000002
        },
        "TrainerController.start_learning": {
            "total": 18.126127,
            "count": 1,
            "self": 0.0016296000000046718,
            "children": {
                "TrainerController._reset_env": {
                    "total": 17.3840567,
                    "count": 1,
                    "self": 7.823091299999998,
                    "children": {
                        "demo_to_buffer": {
                            "total": 9.5609654,
                            "count": 2,
                            "self": 0.029768799999999374,
                            "children": {
                                "load_demonstration": {
                                    "total": 0.1285438000000001,
                                    "count": 2,
                                    "self": 0.11963890000000177,
                                    "children": {
                                        "read_file": {
                                            "total": 0.008904899999998328,
                                            "count": 4,
                                            "self": 0.008904899999998328
                                        }
                                    }
                                },
                                "make_demo_buffer": {
                                    "total": 9.402652800000002,
                                    "count": 2,
                                    "self": 1.836826900000034,
                                    "children": {
                                        "steps_from_proto": {
                                            "total": 7.565825899999968,
                                            "count": 53640,
                                            "self": 4.064202299999862,
                                            "children": {
                                                "_process_vector_observation": {
                                                    "total": 3.501623600000106,
                                                    "count": 214560,
                                                    "self": 3.501623600000106
                                                }
                                            }
                                        }
                                    }
                                }
                            }
                        }
                    }
                },
                "trainer_threads": {
                    "total": 9.999999999621423e-06,
                    "count": 1,
                    "self": 9.999999999621423e-06,
                    "children": {
                        "thread_root": {
                            "total": 0.0,
                            "count": 0,
                            "is_parallel": true,
                            "self": 0.0,
                            "children": {
                                "trainer_advance": {
                                    "total": 0.0014384000000013941,
                                    "count": 1,
                                    "is_parallel": true,
                                    "self": 1.590000000462055e-05,
                                    "children": {
                                        "process_trajectory": {
                                            "total": 0.0014224999999967736,
                                            "count": 1,
                                            "is_parallel": true,
                                            "self": 0.0014224999999967736
                                        }
                                    }
                                }
                            }
                        }
                    }
                },
                "TrainerController._save_models": {
                    "total": 0.7404306999999974,
                    "count": 1,
                    "self": 0.001625299999997054,
                    "children": {
                        "RLTrainer._checkpoint": {
                            "total": 0.7388054000000004,
                            "count": 1,
                            "self": 0.7388054000000004
                        }
                    }
                }
            }
        }
    }
}