{
    "name": "root",
    "metadata": {
        "timer_format_version": "0.1.0",
        "start_time_seconds": "1622759036",
        "python_version": "3.6.8 (tags/v3.6.8:3c6b436a57, Dec 24 2018, 00:16:47) [MSC v.1916 64 bit (AMD64)]",
        "command_line_arguments": "C:\\Users\\usuario\\AppData\\Local\\Programs\\Python\\Python36\\Scripts\\mlagents-learn Assets/Phase02/CheckpointDrivingSetup/CheckpointDriving.yaml --run-id Phase2-test02 --resume",
        "mlagents_version": "0.23.0",
        "mlagents_envs_version": "0.23.0",
        "communication_protocol_version": "1.3.0",
        "pytorch_version": "1.7.0+cu110",
        "numpy_version": "1.18.5",
        "end_time_seconds": "1622759118"
    },
    "total": 81.8743969,
    "count": 1,
    "self": 0.005667699999989395,
    "children": {
        "run_training.setup": {
            "total": 0.0105003,
            "count": 1,
            "self": 0.0105003
        },
        "TrainerController.start_learning": {
            "total": 81.8582289,
            "count": 1,
            "self": 0.12839160000035577,
            "children": {
                "TrainerController._reset_env": {
                    "total": 14.704656,
                    "count": 1,
                    "self": 9.521268500000001,
                    "children": {
                        "demo_to_buffer": {
                            "total": 5.1833874999999985,
                            "count": 2,
                            "self": 0.015982100000000443,
                            "children": {
                                "load_demonstration": {
                                    "total": 0.06179699999999855,
                                    "count": 2,
                                    "self": 0.06065659999999795,
                                    "children": {
                                        "read_file": {
                                            "total": 0.0011404000000005965,
                                            "count": 2,
                                            "self": 0.0011404000000005965
                                        }
                                    }
                                },
                                "make_demo_buffer": {
                                    "total": 5.1056083999999995,
                                    "count": 2,
                                    "self": 1.0079061999999421,
                                    "children": {
                                        "steps_from_proto": {
                                            "total": 4.097702200000057,
                                            "count": 26896,
                                            "self": 2.200682500000335,
                                            "children": {
                                                "_process_vector_observation": {
                                                    "total": 1.8970196999997224,
                                                    "count": 107584,
                                                    "self": 1.8970196999997224
                                                }
                                            }
                                        }
                                    }
                                }
                            }
                        }
                    }
                },
                "TrainerController.advance": {
                    "total": 66.45034559999965,
                    "count": 6034,
                    "self": 0.0683205999999359,
                    "children": {
                        "env_step": {
                            "total": 66.38202499999971,
                            "count": 6034,
                            "self": 45.81942860000037,
                            "children": {
                                "SubprocessEnvManager._take_step": {
                                    "total": 20.4981056999996,
                                    "count": 6034,
                                    "self": 0.33749289999955323,
                                    "children": {
                                        "TorchPolicy.evaluate": {
                                            "total": 20.160612800000045,
                                            "count": 6034,
                                            "self": 5.490900400000227,
                                            "children": {
                                                "TorchPolicy.sample_actions": {
                                                    "total": 14.669712399999819,
                                                    "count": 6034,
                                                    "self": 14.669712399999819
                                                }
                                            }
                                        }
                                    }
                                },
                                "workers": {
                                    "total": 0.06449069999974277,
                                    "count": 6033,
                                    "self": 0.0,
                                    "children": {
                                        "worker_root": {
                                            "total": 72.88779329999998,
                                            "count": 6033,
                                            "is_parallel": true,
                                            "self": 49.35278270000006,
                                            "children": {
                                                "steps_from_proto": {
                                                    "total": 0.0004917,
                                                    "count": 1,
                                                    "is_parallel": true,
                                                    "self": 0.0001764,
                                                    "children": {
                                                        "_process_vector_observation": {
                                                            "total": 0.00031529999999999997,
                                                            "count": 4,
                                                            "is_parallel": true,
                                                            "self": 0.00031529999999999997
                                                        }
                                                    }
                                                },
                                                "UnityEnvironment.step": {
                                                    "total": 23.534518899999924,
                                                    "count": 6033,
                                                    "is_parallel": true,
                                                    "self": 0.753745999999957,
                                                    "children": {
                                                        "UnityEnvironment._generate_step_input": {
                                                            "total": 1.0203557999993969,
                                                            "count": 6033,
                                                            "is_parallel": true,
                                                            "self": 1.0203557999993969
                                                        },
                                                        "communicator.exchange": {
                                                            "total": 19.29940340000025,
                                                            "count": 6033,
                                                            "is_parallel": true,