{
    "name": "root",
    "metadata": {
        "timer_format_version": "0.1.0",
        "start_time_seconds": "1622719902",
        "python_version": "3.6.8 (tags/v3.6.8:3c6b436a57, Dec 24 2018, 00:16:47) [MSC v.1916 64 bit (AMD64)]",
        "command_line_arguments": "C:\\Users\\usuario\\AppData\\Local\\Programs\\Python\\Python36\\Scripts\\mlagents-learn Assets/Phase02/CheckpointDrivingSetup/CheckpointDriving.yaml --run-id Phase2-test02",
        "mlagents_version": "0.23.0",
        "mlagents_envs_version": "0.23.0",
        "communication_protocol_version": "1.3.0",
        "pytorch_version": "1.7.0+cu110",
        "numpy_version": "1.18.5",
        "end_time_seconds": "1622719957"
    },
    "total": 54.363147999999995,
    "count": 1,
    "self": 0.005256699999996783,
    "children": {
        "run_training.setup": {
            "total": 0.0238351,
            "count": 1,
            "self": 0.0238351
        },
        "TrainerController.start_learning": {
            "total": 54.3340562,
            "count": 1,
            "self": 0.6993723999999801,
            "children": {
                "TrainerController._reset_env": {
                    "total": 12.2260235,
                    "count": 1,
                    "self": 9.5217043,
                    "children": {
                        "demo_to_buffer": {
                            "total": 2.7043192000000005,
                            "count": 2,
                            "self": 0.00815670000000246,
                            "children": {
                                "load_demonstration": {
                                    "total": 0.03422219999999854,
                                    "count": 2,
                                    "self": 0.03369289999999836,
                                    "children": {
                                        "read_file": {
                                            "total": 0.0005293000000001769,
                                            "count": 2,
                                            "self": 0.0005293000000001769
                                        }
                                    }
                                },
                                "make_demo_buffer": {
                                    "total": 2.6619402999999995,
                                    "count": 2,
                                    "self": 0.5327918000000569,
                                    "children": {
                                        "steps_from_proto": {
                                            "total": 2.1291484999999426,
                                            "count": 14688,
                                            "self": 1.1463831000000617,
                                            "children": {
                                                "_process_vector_observation": {
                                                    "total": 0.9827653999998809,
                                                    "count": 58752,
                                                    "self": 0.9827653999998809
                                                }
                                            }
                                        }
                                    }
                                }
                            }
                        }
                    }
                },
                "TrainerController.advance": {
                    "total": 40.90961370000002,
                    "count": 4267,
                    "self": 0.04874700000015508,
                    "children": {
                        "env_step": {
                            "total": 40.86086669999987,
                            "count": 4267,
                            "self": 21.03526909999955,
                            "children": {
                                "SubprocessEnvManager._take_step": {
                                    "total": 19.776801200000268,
                                    "count": 4267,
                                    "self": 0.23362230000026685,
                                    "children": {
                                        "TorchPolicy.evaluate": {
                                            "total": 19.5431789,
                                            "count": 4267,
                                            "self": 4.4148632000001875,
                                            "children": {
                                                "TorchPolicy.sample_actions": {
                                                    "total": 15.128315699999813,
                                                    "count": 4267,
                                                    "self": 15.128315699999813
                                                }
                                            }
                                        }
                                    }
                                },
                                "workers": {
                                    "total": 0.048796400000050255,
                                    "count": 4266,
                                    "self": 0.0,
                                    "children": {
                                        "worker_root": {
                                            "total": 44.795601600000126,
                                            "count": 4266,
                                            "is_parallel": true,
                                            "self": 31.708589200000386,
                                            "children": {
                                                "steps_from_proto": {
                                                    "total": 0.0004706,
                                                    "count": 1,
                                                    "is_parallel": true,
                                                    "self": 0.00016439999999999993,
                                                    "children": {
                                                        "_process_vector_observation": {
                                                            "total": 0.00030620000000000007,
                                                            "count": 4,
                                                            "is_parallel": true,
                                                            "self": 0.00030620000000000007
                                                        }
                                                    }
                                                },
                                                "UnityEnvironment.step": {
                                                    "total": 13.08654179999974,
                                                    "count": 4266,
                                                    "is_parallel": true,
                                                    "self": 0.5317835999995317,
                                                    "children": {
                                                        "UnityEnvironment._generate_step_input": {
                                                            "total": 0.7047894000000063,
                                                            "count": 4266,
                                                            "is_parallel": true,
                                                            "self": 0.7047894000000063
                                                        },
                                                        "communicator.exchange": {
                                                            "total": 10.12485790000013,
                                                            "count": 4266,
                                                            "is_parallel": true,