{
    "name": "root",
    "gauges": {
        "MoveToGoal.Policy.Entropy.mean": {
            "value": 1.3923728466033936,
            "min": 1.3923728466033936,
            "max": 1.4205127954483032,
            "count": 4
        },
        "MoveToGoal.Environment.EpisodeLength.mean": {
            "value": 5.1008054674151815,
            "min": 5.1008054674151815,
            "max": 113.34032634032634,
            "count": 4
        },
        "MoveToGoal.Policy.ExtrinsicValueEstimate.mean": {
            "value": 0.9724121689796448,
            "min": -0.963604211807251,
            "max": 0.9724121689796448,
            "count": 4
        },
        "MoveToGoal.Environment.CumulativeReward.mean": {
            "value": 1.0,
            "min": -0.09090909090909091,
            "max": 1.0,
            "count": 4
        },
        "MoveToGoal.Policy.ExtrinsicReward.mean": {
            "value": 1.0,
            "min": -0.09090909090909091,
            "max": 1.0,
            "count": 4
        },
        "MoveToGoal.Losses.PolicyLoss.mean": {
            "value": 0.028893419934126235,
            "min": 0.022899288707412778,
            "max": 0.028893419934126235,
            "count": 4
        },
        "MoveToGoal.Losses.ValueLoss.mean": {
            "value": 0.00025621828079844516,
            "min": 0.00025621828079844516,
            "max": 0.1181082129540543,
            "count": 4
        },
        "MoveToGoal.Policy.LearningRate.mean": {
            "value": 0.00019536051487984,
            "min": 0.00019536051487984,
            "max": 0.00028458255513915,
            "count": 4
        },
        "MoveToGoal.Policy.Epsilon.mean": {
            "value": 0.16512016000000002,
            "min": 0.16512016000000002,
            "max": 0.19486085,
            "count": 4
        },
        "MoveToGoal.Policy.Beta.mean": {
            "value": 0.0032594959840000007,
            "min": 0.0032594959840000007,
            "max": 0.004743556415,
            "count": 4
        },
        "MoveToGoal.IsTraining.mean": {
            "value": 1.0,
            "min": 1.0,
            "max": 1.0,
            "count": 4
        }
    },
    "metadata": {
        "timer_format_version": "0.1.0",
        "start_time_seconds": "1612113082",
        "python_version": "3.6.8 (tags/v3.6.8:3c6b436a57, Dec 24 2018, 00:16:47) [MSC v.1916 64 bit (AMD64)]",
        "command_line_arguments": "C:\\Users\\usuario\\AppData\\Local\\Programs\\Python\\Python36\\Scripts\\mlagents-learn --run-id test5 --force",
        "mlagents_version": "0.23.0",
        "mlagents_envs_version": "0.23.0",
        "communication_protocol_version": "1.3.0",
        "pytorch_version": "1.7.0+cu110",
        "numpy_version": "1.18.5",
        "end_time_seconds": "1612113241"
    },
    "total": 158.75080630000002,
    "count": 1,
    "self": 0.0027878000000214342,
    "children": {
        "run_training.setup": {
            "total": 0.015525899999999999,
            "count": 1,
            "self": 0.015525899999999999
        },
        "TrainerController.start_learning": {
            "total": 158.7324926,
            "count": 1,
            "self": 0.4713814999999215,
            "children": {
                "TrainerController._reset_env": {
                    "total": 13.224464099999999,
                    "count": 1,
                    "self": 13.224464099999999
                },
                "TrainerController.advance": {
                    "total": 144.49273790000007,
                    "count": 24164,
                    "self": 0.2553831000005857,
                    "children": {
                        "env_step": {
                            "total": 144.23735479999948,
                            "count": 24164,
                            "self": 117.29306080000141,
                            "children": {
                                "SubprocessEnvManager._take_step": {
                                    "total": 26.680458499997677,
                                    "count": 24164,
                                    "self": 0.6943801999987365,
                                    "children": {
                                        "TorchPolicy.evaluate": {
                                            "total": 25.98607829999894,
                                            "count": 11184,
                                            "self": 7.821678499998125,
                                            "children": {
                                                "TorchPolicy.sample_actions": {
                                                    "total": 18.164399800000815,
                                                    "count": 11184,
                                                    "self": 18.164399800000815
                                                }
                                            }
                                        }
                                    }
                                },
                                "workers": {
                                    "total": 0.26383550000039335,
                                    "count": 24163,
                                    "self": 0.0,
                                    "children": {
                                        "worker_root": {
                                            "total": 145.58979260000032,
                                            "count": 24163,
                                            "is_parallel": true,
                                            "self": 64.27601960000062,
                                            "children": {
                                                "steps_from_proto": {
                                                    "total": 0.0003189,
                                                    "count": 1,
                                                    "is_parallel": true,
                                                    "self": 8.569999999999994e-05,
                                                    "children": {
                                                        "_process_vector_observation": {
                                                            "total": 0.00023320000000000006,
                                                            "count": 2,
                                                            "is_parallel": true,
                                                            "self": 0.00023320000000000006
                                                        }
                                                    }
                                                },
                                                "UnityEnvironment.step": {
                                                    "total": 81.3134540999997,
                                                    "count": 24163,
                                                    "is_parallel": true,
                                                    "self": 2.27684619999944,
                                                    "children": {
                                                        "UnityEnvironment._generate_step_input": {
                                                            "total": 3.0169843000006358,
                                                            "count": 24163,
                                                            "is_parallel": true,
                                                            "self": 3.0169843000006358
                                                        },
                                                        "communicator.exchange": {
                                                            "total": 71.17050269999868,
                                                            "count": 24163,
                                                            "is_parallel": true,