{
    "name": "root",
    "metadata": {
        "timer_format_version": "0.1.0",
        "start_time_seconds": "1624143407",
        "python_version": "3.6.8 (tags/v3.6.8:3c6b436a57, Dec 24 2018, 00:16:47) [MSC v.1916 64 bit (AMD64)]",
        "command_line_arguments": "C:\\Users\\usuario\\AppData\\Local\\Programs\\Python\\Python36\\Scripts\\mlagents-learn Assets/Phase03/DrivingSetup/P3Driving.yaml --run-id p3test --force",
        "mlagents_version": "0.23.0",
        "mlagents_envs_version": "0.23.0",
        "communication_protocol_version": "1.3.0",
        "pytorch_version": "1.7.0+cu110",
        "numpy_version": "1.18.5",
        "end_time_seconds": "1624143433"
    },
    "total": 25.998144999999997,
    "count": 1,
    "self": 0.005060699999997809,
    "children": {
        "run_training.setup": {
            "total": 0.010070299999999999,
            "count": 1,
            "self": 0.010070299999999999
        },
        "TrainerController.start_learning": {
            "total": 25.983014,
            "count": 1,
            "self": 1.046846199999969,
            "children": {
                "TrainerController._reset_env": {
                    "total": 7.7268329,
                    "count": 1,
                    "self": 7.7268329
                },
                "TrainerController.advance": {
                    "total": 16.695971500000034,
                    "count": 1751,
                    "self": 0.018342000000011183,
                    "children": {
                        "env_step": {
                            "total": 16.677629500000023,
                            "count": 1751,
                            "self": 10.277980399999894,
                            "children": {
                                "SubprocessEnvManager._take_step": {
                                    "total": 6.381128300000063,
                                    "count": 1751,
                                    "self": 0.09532490000006622,
                                    "children": {
                                        "TorchPolicy.evaluate": {
                                            "total": 6.285803399999997,
                                            "count": 1751,
                                            "self": 1.469147199999984,
                                            "children": {
                                                "TorchPolicy.sample_actions": {
                                                    "total": 4.816656200000013,
                                                    "count": 1751,
                                                    "self": 4.816656200000013
                                                }
                                            }
                                        }
                                    }
                                },
                                "workers": {
                                    "total": 0.01852080000006673,
                                    "count": 1750,
                                    "self": 0.0,
                                    "children": {
                                        "worker_root": {
                                            "total": 17.9313591,
                                            "count": 1750,
                                            "is_parallel": true,
                                            "self": 11.383192900000056,
                                            "children": {
                                                "steps_from_proto": {
                                                    "total": 0.0005702000000000001,
                                                    "count": 1,
                                                    "is_parallel": true,
                                                    "self": 0.00017040000000000008,
                                                    "children": {
                                                        "_process_vector_observation": {
                                                            "total": 0.0003998,
                                                            "count": 4,
                                                            "is_parallel": true,
                                                            "self": 0.0003998
                                                        }
                                                    }
                                                },
                                                "UnityEnvironment.step": {
                                                    "total": 6.547595999999945,
                                                    "count": 1750,
                                                    "is_parallel": true,
                                                    "self": 0.2769713000000422,
                                                    "children": {
                                                        "UnityEnvironment._generate_step_input": {
                                                            "total": 0.40520229999997825,
                                                            "count": 1750,
                                                            "is_parallel": true,
                                                            "self": 0.40520229999997825
                                                        },
                                                        "communicator.exchange": {
                                                            "total": 4.973183099999957,
                                                            "count": 1750,
                                                            "is_parallel": true,
                                                            "self": 4.973183099999957
                                                        },
                                                        "steps_from_proto": {
                                                            "total": 0.8922392999999684,
                                                            "count": 1750,
                                                            "is_parallel": true,
                                                            "self": 0.26180710000001794,
                                                            "children": {
                                                                "_process_vector_observation": {
                                                                    "total": 0.6304321999999505,
                                                                    "count": 7000,
                                                                    "is_parallel": true,
                                                                    "self": 0.6304321999999505
                                                                }
                                                            }
                                                        }
                                                    }
                                                }
                                            }
                                        }
                                    }
                                }
                            }
                        }
                    }
                },
                "trainer_threads": {
                    "total": 2.7700000000407954e-05,
                    "count": 1,
                    "self": 2.7700000000407954e-05,
                    "children": {
                        "thread_root": {
                            "total": 0.0,
                            "count": 0,
                            "is_parallel": true,
                            "self": 0.0,
                            "children": {
                                "trainer_advance": {
                                    "total": 16.255866499999936,